ticker,bar_open_time,bar_close_time,timestamp,open,high,low,close,volume,session_id
ALFA,2023-07-28T13:30:00.000000+0000,2023-07-28T20:00:00.000000+0000,2023-07-28T20:00:00.000000+0000,79.984611,80.267198,79.734418,80.016904,115599.779,2023-07-28
ALFA,2023-07-31T13:30:00.000000+0000,2023-07-31T20:00:00.000000+0000,2023-07-31T20:00:00.000000+0000,79.777391,79.86332,79.551239,79.637017,202638.084,2023-07-31
ALFA,2023-08-01T13:30:00.000000+0000,2023-08-01T20:00:00.000000+0000,2023-08-01T20:00:00.000000+0000,79.682026,80.629704,79.46152,80.407192,137169.938,2023-08-01
ALFA,2023-08-02T13:30:00.000000+0000,2023-08-02T20:00:00.000000+0000,2023-08-02T20:00:00.000000+0000,80.227154,80.423535,79.83158,80.027472,164183.691,2023-08-02
ALFA,2023-08-03T13:30:00.000000+0000,2023-08-03T20:00:00.000000+0000,2023-08-03T20:00:00.000000+0000,80.115301,80.260496,79.294023,79.43799,169688.818,2023-08-03
ALFA,2023-08-04T13:30:00.000000+0000,2023-08-04T20:00:00.000000+0000,2023-08-04T20:00:00.000000+0000,79.463112,79.985048,79.242382,79.763483,183698.525,2023-08-04
ALFA,2023-08-07T13:30:00.000000+0000,2023-08-07T20:00:00.000000+0000,2023-08-07T20:00:00.000000+0000,79.50507,79.524729,79.179379,79.198962,189143.603,2023-08-07
ALFA,2023-08-08T13:30:00.000000+0000,2023-08-08T20:00:00.000000+0000,2023-08-08T20:00:00.000000+0000,79.387096,79.464845,78.82568,78.902956,123133.534,2023-08-08
ALFA,2023-08-09T13:30:00.000000+0000,2023-08-09T20:00:00.000000+0000,2023-08-09T20:00:00.000000+0000,78.918584,79.248552,78.687286,79.016966,213126.077,2023-08-09
ALFA,2023-08-10T13:30:00.000000+0000,2023-08-10T20:00:00.000000+0000,2023-08-10T20:00:00.000000+0000,79.098559,79.366329,78.969764,79.237309,142348.052,2023-08-10
ALFA,2023-08-11T13:30:00.000000+0000,2023-08-11T20:00:00.000000+0000,2023-08-11T20:00:00.000000+0000,79.239123,79.666472,79.104359,79.53121,139768.088,2023-08-11
ALFA,2023-08-14T13:30:00.000000+0000,2023-08-14T20:00:00.000000+0000,2023-08-14T20:00:00.000000+0000,79.85709,81.05594,79.554818,80.750287,192992.634,2023-08-14
ALFA,2023-08-15T13:30:00.000000+0000,2023-08-15T20:00:00.000000+0000,2023-08-15T20:00:00.000000+0000,80.601569,81.276657,80.37145,81.045271,179143.773,2023-08-15
ALFA,2023-08-16T13:30:00.000000+0000,2023-08-16T20:00:00.000000+0000,2023-08-16T20:00:00.000000+0000,81.117004,82.166734,80.853401,81.900585,179029.463,2023-08-16
ALFA,2023-08-17T13:30:00.000000+0000,2023-08-17T20:00:00.000000+0000,2023-08-17T20:00:00.000000+0000,82.0218,82.673513,81.805516,82.456084,171290.926,2023-08-17
ALFA,2023-08-18T13:30:00.000000+0000,2023-08-18T20:00:00.000000+0000,2023-08-18T20:00:00.000000+0000,82.161944,83.208237,81.99075,83.035223,149727.343,2023-08-18
ALFA,2023-08-21T13:30:00.000000+0000,2023-08-21T20:00:00.000000+0000,2023-08-21T20:00:00.000000+0000,82.822679,83.156216,82.517741,82.851173,210944.28,2023-08-21
ALFA,2023-08-22T13:30:00.000000+0000,2023-08-22T20:00:00.000000+0000,2023-08-22T20:00:00.000000+0000,83.076399,83.263754,81.582989,81.767392,199305.433,2023-08-22
ALFA,2023-08-23T13:30:00.000000+0000,2023-08-23T20:00:00.000000+0000,2023-08-23T20:00:00.000000+0000,81.769363,83.034441,81.589242,82.851935,138133.971,2023-08-23
ALFA,2023-08-24T13:30:00.000000+0000,2023-08-24T20:00:00.000000+0000,2023-08-24T20:00:00.000000+0000,82.917718,83.08856,82.511386,82.681742,133867.018,2023-08-24
ALFA,2023-08-25T13:30:00.000000+0000,2023-08-25T20:00:00.000000+0000,2023-08-25T20:00:00.000000+0000,82.673276,82.83268,82.514521,82.673924,213125.01,2023-08-25
ALFA,2023-08-28T13:30:00.000000+0000,2023-08-28T20:00:00.000000+0000,2023-08-28T20:00:00.000000+0000,82.82178,83.422698,82.655188,83.255235,168943.243,2023-08-28
ALFA,2023-08-29T13:30:00.000000+0000,2023-08-29T20:00:00.000000+0000,2023-08-29T20:00:00.000000+0000,83.262597,83.412227,82.728703,82.877641,138362.997,2023-08-29
ALFA,2023-08-30T13:30:00.000000+0000,2023-08-30T20:00:00.000000+0000,2023-08-30T20:00:00.000000+0000,82.852603,82.956492,82.084407,82.187462,134922.075,2023-08-30
ALFA,2023-08-31T13:30:00.000000+0000,2023-08-31T20:00:00.000000+0000,2023-08-31T20:00:00.000000+0000,82.271495,82.468227,81.153802,81.348328,124491.644,2023-08-31
ALFA,2023-09-01T13:30:00.000000+0000,2023-09-01T20:00:00.000000+0000,2023-09-01T20:00:00.000000+0000,81.328367,81.572003,80.592276,80.834432,190781.402,2023-09-01
ALFA,2023-09-05T13:30:00.000000+0000,2023-09-05T20:00:00.000000+0000,2023-09-05T20:00:00.000000+0000,81.000278,81.560467,80.835125,81.39451,143378.491,2023-09-05
ALFA,2023-09-06T13:30:00.000000+0000,2023-09-06T20:00:00.000000+0000,2023-09-06T20:00:00.000000+0000,81.218096,81.791703,81.027672,81.600382,172282.699,2023-09-06
ALFA,2023-09-07T13:30:00.000000+0000,2023-09-07T20:00:00.000000+0000,2023-09-07T20:00:00.000000+0000,81.810475,82.343808,81.556865,82.089333,159558.468,2023-09-07
ALFA,2023-09-08T13:30:00.000000+0000,2023-09-08T20:00:00.000000+0000,2023-09-08T20:00:00.000000+0000,81.88506,82.022701,81.203529,81.340254,168145.454,2023-09-08
ALFA,2023-09-11T13:30:00.000000+0000,2023-09-11T20:00:00.000000+0000,2023-09-11T20:00:00.000000+0000,81.307379,81.423006,80.770039,80.885066,169047.112,2023-09-11
ALFA,2023-09-12T13:30:00.000000+0000,2023-09-12T20:00:00.000000+0000,2023-09-12T20:00:00.000000+0000,80.80354,80.914397,80.595889,80.706613,170538.767,2023-09-12
ALFA,2023-09-13T13:30:00.000000+0000,2023-09-13T20:00:00.000000+0000,2023-09-13T20:00:00.000000+0000,80.641726,80.822695,80.076186,80.256289,169563.133,2023-09-13
ALFA,2023-09-14T13:30:00.000000+0000,2023-09-14T20:00:00.000000+0000,2023-09-14T20:00:00.000000+0000,80.073396,80.195009,79.919901,80.041465,201928.013,2023-09-14
ALFA,2023-09-15T13:30:00.000000+0000,2023-09-15T20:00:00.000000+0000,2023-09-15T20:00:00.000000+0000,79.855436,80.405886,79.84612,80.396508,123096.42,2023-09-15
ALFA,2023-09-18T13:30:00.000000+0000,2023-09-18T20:00:00.000000+0000,2023-09-18T20:00:00.000000+0000,80.401188,81.003177,80.2379,80.839,159908.71,2023-09-18
ALFA,2023-09-19T13:30:00.000000+0000,2023-09-19T20:00:00.000000+0000,2023-09-19T20:00:00.000000+0000,81.035308,81.430814,80.980784,81.376062,172713.612,2023-09-19
ALFA,2023-09-20T13:30:00.000000+0000,2023-09-20T20:00:00.000000+0000,2023-09-20T20:00:00.000000+0000,81.630189,81.701389,81.405222,81.476287,153741.673,2023-09-20
ALFA,2023-09-21T13:30:00.000000+0000,2023-09-21T20:00:00.000000+0000,2023-09-21T20:00:00.000000+0000,81.353601,81.44355,81.262227,81.352175,154981.448,2023-09-21
ALFA,2023-09-22T13:30:00.000000+0000,2023-09-22T20:00:00.000000+0000,2023-09-22T20:00:00.000000+0000,81.584433,81.897504,81.147369,81.459962,154756.643,2023-09-22
ALFA,2023-09-25T13:30:00.000000+0000,2023-09-25T20:00:00.000000+0000,2023-09-25T20:00:00.000000+0000,81.770334,82.100276,81.603885,81.933495,211727.141,2023-09-25
ALFA,2023-09-26T13:30:00.000000+0000,2023-09-26T20:00:00.000000+0000,2023-09-26T20:00:00.000000+0000,81.918206,82.376267,81.743634,82.201092,171926.299,2023-09-26
ALFA,2023-09-27T13:30:00.000000+0000,2023-09-27T20:00:00.000000+0000,2023-09-27T20:00:00.000000+0000,82.723702,83.15545,82.487834,82.919024,146372.544,2023-09-27
ALFA,2023-09-28T13:30:00.000000+0000,2023-09-28T20:00:00.000000+0000,2023-09-28T20:00:00.000000+0000,83.079721,83.215819,82.832992,82.968909,151227.026,2023-09-28
ALFA,2023-09-29T13:30:00.000000+0000,2023-09-29T20:00:00.000000+0000,2023-09-29T20:00:00.000000+0000,83.11968,83.59615,82.950857,83.426703,169699.819,2023-09-29
ALFA,2023-10-02T13:30:00.000000+0000,2023-10-02T20:00:00.000000+0000,2023-10-02T20:00:00.000000+0000,83.429037,83.623976,83.18247,83.377288,173467.386,2023-10-02
ALFA,2023-10-03T13:30:00.000000+0000,2023-10-03T20:00:00.000000+0000,2023-10-03T20:00:00.000000+0000,83.054289,83.515632,82.832819,83.293524,140462.677,2023-10-03
ALFA,2023-10-04T13:30:00.000000+0000,2023-10-04T20:00:00.000000+0000,2023-10-04T20:00:00.000000+0000,83.053256,83.711426,82.892001,83.549208,164818.006,2023-10-04
ALFA,2023-10-05T13:30:00.000000+0000,2023-10-05T20:00:00.000000+0000,2023-10-05T20:00:00.000000+0000,83.433324,83.669527,82.436475,82.670518,133075.741,2023-10-05
ALFA,2023-10-06T13:30:00.000000+0000,2023-10-06T20:00:00.000000+0000,2023-10-06T20:00:00.000000+0000,82.603233,82.720127,81.875238,81.991266,161621.411,2023-10-06
ALFA,2023-10-09T13:30:00.000000+0000,2023-10-09T20:00:00.000000+0000,2023-10-09T20:00:00.000000+0000,82.036995,82.118384,81.32974,81.410508,181433.124,2023-10-09
ALFA,2023-10-10T13:30:00.000000+0000,2023-10-10T20:00:00.000000+0000,2023-10-10T20:00:00.000000+0000,81.420766,81.429564,80.485782,80.494479,121322.951,2023-10-10
ALFA,2023-10-11T13:30:00.000000+0000,2023-10-11T20:00:00.000000+0000,2023-10-11T20:00:00.000000+0000,80.492496,80.635695,79.562018,79.703814,160249.456,2023-10-11
ALFA,2023-10-12T13:30:00.000000+0000,2023-10-12T20:00:00.000000+0000,2023-10-12T20:00:00.000000+0000,79.699353,80.141753,79.521977,79.963789,187615.032,2023-10-12
ALFA,2023-10-13T13:30:00.000000+0000,2023-10-13T20:00:00.000000+0000,2023-10-13T20:00:00.000000+0000,79.786093,79.852158,79.441741,79.507576,138137.027,2023-10-13
ALFA,2023-10-16T13:30:00.000000+0000,2023-10-16T20:00:00.000000+0000,2023-10-16T20:00:00.000000+0000,79.553518,79.811665,79.194763,79.452583,152557.84,2023-10-16
ALFA,2023-10-17T13:30:00.000000+0000,2023-10-17T20:00:00.000000+0000,2023-10-17T20:00:00.000000+0000,79.05505,79.516129,79.031649,79.492598,143636.99,2023-10-17
ALFA,2023-10-18T13:30:00.000000+0000,2023-10-18T20:00:00.000000+0000,2023-10-18T20:00:00.000000+0000,79.403928,80.647381,79.277548,80.519226,163699.412,2023-10-18
ALFA,2023-10-19T13:30:00.000000+0000,2023-10-19T20:00:00.000000+0000,2023-10-19T20:00:00.000000+0000,80.469023,80.7144,79.920548,80.164999,147060.214,2023-10-19
ALFA,2023-10-20T13:30:00.000000+0000,2023-10-20T20:00:00.000000+0000,2023-10-20T20:00:00.000000+0000,80.026743,81.195413,79.828367,80.994637,129269.376,2023-10-20
ALFA,2023-10-23T13:30:00.000000+0000,2023-10-23T20:00:00.000000+0000,2023-10-23T20:00:00.000000+0000,81.057763,81.228191,80.395643,80.565036,159194.758,2023-10-23
ALFA,2023-10-24T13:30:00.000000+0000,2023-10-24T20:00:00.000000+0000,2023-10-24T20:00:00.000000+0000,80.820955,80.932309,80.204041,80.314698,221692.092,2023-10-24
ALFA,2023-10-25T13:30:00.000000+0000,2023-10-25T20:00:00.000000+0000,2023-10-25T20:00:00.000000+0000,80.278487,80.336527,79.994595,80.052472,164470.736,2023-10-25
ALFA,2023-10-26T13:30:00.000000+0000,2023-10-26T20:00:00.000000+0000,2023-10-26T20:00:00.000000+0000,79.880159,79.979869,79.266797,79.365865,172742.097,2023-10-26
ALFA,2023-10-27T13:30:00.000000+0000,2023-10-27T20:00:00.000000+0000,2023-10-27T20:00:00.000000+0000,79.454053,79.563528,79.15543,79.264643,188737.185,2023-10-27
ALFA,2023-10-30T13:30:00.000000+0000,2023-10-30T20:00:00.000000+0000,2023-10-30T20:00:00.000000+0000,79.448142,79.810859,79.175134,79.537544,176206.523,2023-10-30
ALFA,2023-10-31T13:30:00.000000+0000,2023-10-31T20:00:00.000000+0000,2023-10-31T20:00:00.000000+0000,79.754431,80.045235,79.744925,80.035694,155175.811,2023-10-31
ALFA,2023-11-01T13:30:00.000000+0000,2023-11-01T20:00:00.000000+0000,2023-11-01T20:00:00.000000+0000,79.896911,80.752816,79.727592,80.582044,149385.071,2023-11-01
ALFA,2023-11-02T13:30:00.000000+0000,2023-11-02T20:00:00.000000+0000,2023-11-02T20:00:00.000000+0000,80.555266,80.867995,79.860486,80.171727,158663.682,2023-11-02
ALFA,2023-11-03T13:30:00.000000+0000,2023-11-03T20:00:00.000000+0000,2023-11-03T20:00:00.000000+0000,80.238076,80.515898,80.096237,80.373819,164613.732,2023-11-03
ALFA,2023-11-06T14:30:00.000000+0000,2023-11-06T21:00:00.000000+0000,2023-11-06T21:00:00.000000+0000,80.374786,80.571569,79.27632,79.47089,193841.507,2023-11-06
ALFA,2023-11-07T14:30:00.000000+0000,2023-11-07T21:00:00.000000+0000,2023-11-07T21:00:00.000000+0000,79.73273,79.916882,79.422496,79.606356,177803.099,2023-11-07
ALFA,2023-11-08T14:30:00.000000+0000,2023-11-08T21:00:00.000000+0000,2023-11-08T21:00:00.000000+0000,79.423124,79.574991,78.925291,79.076495,187408.015,2023-11-08
ALFA,2023-11-09T14:30:00.000000+0000,2023-11-09T21:00:00.000000+0000,2023-11-09T21:00:00.000000+0000,79.213451,79.38864,78.335075,78.508705,185899.056,2023-11-09
ALFA,2023-11-10T14:30:00.000000+0000,2023-11-10T21:00:00.000000+0000,2023-11-10T21:00:00.000000+0000,78.585764,79.329167,78.334266,79.076099,169974.529,2023-11-10
ALFA,2023-11-13T14:30:00.000000+0000,2023-11-13T21:00:00.000000+0000,2023-11-13T21:00:00.000000+0000,79.019844,79.204422,78.774716,78.959152,104863.087,2023-11-13
ALFA,2023-11-14T14:30:00.000000+0000,2023-11-14T21:00:00.000000+0000,2023-11-14T21:00:00.000000+0000,79.019617,79.149874,78.509712,78.639342,125678.268,2023-11-14
ALFA,2023-11-15T14:30:00.000000+0000,2023-11-15T21:00:00.000000+0000,2023-11-15T21:00:00.000000+0000,78.710395,78.905403,78.069079,78.262978,136712.531,2023-11-15
ALFA,2023-11-16T14:30:00.000000+0000,2023-11-16T21:00:00.000000+0000,2023-11-16T21:00:00.000000+0000,78.151515,78.414928,77.78503,78.048094,151356.836,2023-11-16
ALFA,2023-11-17T14:30:00.000000+0000,2023-11-17T21:00:00.000000+0000,2023-11-17T21:00:00.000000+0000,78.398206,78.667181,78.24156,78.510312,173027.432,2023-11-17
ALFA,2023-11-20T14:30:00.000000+0000,2023-11-20T21:00:00.000000+0000,2023-11-20T21:00:00.000000+0000,78.764194,78.994528,78.596346,78.826547,140035.103,2023-11-20
ALFA,2023-11-21T14:30:00.000000+0000,2023-11-21T21:00:00.000000+0000,2023-11-21T21:00:00.000000+0000,78.809248,78.96406,78.609152,78.763875,132626.045,2023-11-21
ALFA,2023-11-22T14:30:00.000000+0000,2023-11-22T21:00:00.000000+0000,2023-11-22T21:00:00.000000+0000,78.723574,78.887174,78.624555,78.788074,186960.691,2023-11-22
ALFA,2023-11-24T14:30:00.000000+0000,2023-11-24T18:00:00.000000+0000,2023-11-24T18:00:00.000000+0000,78.793528,79.441634,78.658223,79.305451,160183.083,2023-11-24
ALFA,2023-11-27T14:30:00.000000+0000,2023-11-27T21:00:00.000000+0000,2023-11-27T21:00:00.000000+0000,79.34084,79.54846,78.599856,78.806077,140090.394,2023-11-27
ALFA,2023-11-28T14:30:00.000000+0000,2023-11-28T21:00:00.000000+0000,2023-11-28T21:00:00.000000+0000,78.64191,78.886068,77.863608,78.106103,152993.309,2023-11-28
ALFA,2023-11-29T14:30:00.000000+0000,2023-11-29T21:00:00.000000+0000,2023-11-29T21:00:00.000000+0000,77.884775,78.436264,77.694439,78.245048,174469.544,2023-11-29
ALFA,2023-11-30T14:30:00.000000+0000,2023-11-30T21:00:00.000000+0000,2023-11-30T21:00:00.000000+0000,78.005506,78.179418,77.688466,77.862058,181740.925,2023-11-30
ALFA,2023-12-01T14:30:00.000000+0000,2023-12-01T21:00:00.000000+0000,2023-12-01T21:00:00.000000+0000,77.920359,78.805959,77.715274,78.599087,131842.016,2023-12-01
ALFA,2023-12-04T14:30:00.000000+0000,2023-12-04T21:00:00.000000+0000,2023-12-04T21:00:00.000000+0000,78.651126,79.11445,78.517625,78.98039,151384.99,2023-12-04
ALFA,2023-12-05T14:30:00.000000+0000,2023-12-05T21:00:00.000000+0000,2023-12-05T21:00:00.000000+0000,79.117904,79.549956,78.842631,79.274139,213023.019,2023-12-05
ALFA,2023-12-06T14:30:00.000000+0000,2023-12-06T21:00:00.000000+0000,2023-12-06T21:00:00.000000+0000,79.4826,79.77608,79.332357,79.625566,171597.693,2023-12-06
ALFA,2023-12-07T14:30:00.000000+0000,2023-12-07T21:00:00.000000+0000,2023-12-07T21:00:00.000000+0000,79.747684,80.725032,79.578525,80.554163,165978.68,2023-12-07
ALFA,2023-12-08T14:30:00.000000+0000,2023-12-08T21:00:00.000000+0000,2023-12-08T21:00:00.000000+0000,80.686876,81.833234,80.530286,81.674726,145889.82,2023-12-08
ALFA,2023-12-11T14:30:00.000000+0000,2023-12-11T21:00:00.000000+0000,2023-12-11T21:00:00.000000+0000,81.607022,81.821968,80.884756,81.098362,162827.884,2023-12-11
ALFA,2023-12-12T14:30:00.000000+0000,2023-12-12T21:00:00.000000+0000,2023-12-12T21:00:00.000000+0000,81.153543,81.370229,80.554243,80.769905,153856.216,2023-12-12
ALFA,2023-12-13T14:30:00.000000+0000,2023-12-13T21:00:00.000000+0000,2023-12-13T21:00:00.000000+0000,80.892069,81.187204,80.69964,80.994531,135236.184,2023-12-13
ALFA,2023-12-14T14:30:00.000000+0000,2023-12-14T21:00:00.000000+0000,2023-12-14T21:00:00.000000+0000,81.228168,81.34995,80.379434,80.500124,126973.756,2023-12-14
ALFA,2023-12-15T14:30:00.000000+0000,2023-12-15T21:00:00.000000+0000,2023-12-15T21:00:00.000000+0000,80.331872,80.707832,80.25323,80.6289,164033.507,2023-12-15
ALFA,2023-12-18T14:30:00.000000+0000,2023-12-18T21:00:00.000000+0000,2023-12-18T21:00:00.000000+0000,80.58474,80.718766,80.154889,80.288422,178609.171,2023-12-18
ALFA,2023-12-19T14:30:00.000000+0000,2023-12-19T21:00:00.000000+0000,2023-12-19T21:00:00.000000+0000,80.342998,80.566989,80.15692,80.380824,173073.955,2023-12-19
ALFA,2023-12-20T14:30:00.000000+0000,2023-12-20T21:00:00.000000+0000,2023-12-20T21:00:00.000000+0000,80.479874,80.512443,80.471186,80.503753,154096.493,2023-12-20
ALFA,2023-12-21T14:30:00.000000+0000,2023-12-21T21:00:00.000000+0000,2023-12-21T21:00:00.000000+0000,80.152723,80.315918,79.120644,79.282067,162641.725,2023-12-21
ALFA,2023-12-22T14:30:00.000000+0000,2023-12-22T21:00:00.000000+0000,2023-12-22T21:00:00.000000+0000,79.447851,79.701101,78.451134,78.702007,167781.238,2023-12-22
ALFA,2023-12-26T14:30:00.000000+0000,2023-12-26T21:00:00.000000+0000,2023-12-26T21:00:00.000000+0000,78.623248,78.81864,77.617009,77.81038,150363.707,2023-12-26
ALFA,2023-12-27T14:30:00.000000+0000,2023-12-27T21:00:00.000000+0000,2023-12-27T21:00:00.000000+0000,77.810163,78.042515,77.308322,77.539866,149691.876,2023-12-27
ALFA,2023-12-28T14:30:00.000000+0000,2023-12-28T21:00:00.000000+0000,2023-12-28T21:00:00.000000+0000,77.664811,77.872751,77.034015,77.24082,141037.519,2023-12-28
ALFA,2023-12-29T14:30:00.000000+0000,2023-12-29T21:00:00.000000+0000,2023-12-29T21:00:00.000000+0000,77.391269,78.404615,77.182423,78.193604,165262.25,2023-12-29
ALFA,2024-01-02T14:30:00.000000+0000,2024-01-02T21:00:00.000000+0000,2024-01-02T21:00:00.000000+0000,78.074386,78.952684,77.985319,78.862718,150144.075,2024-01-02
ALFA,2024-01-03T14:30:00.000000+0000,2024-01-03T21:00:00.000000+0000,2024-01-03T21:00:00.000000+0000,78.948299,79.030751,77.873571,77.954985,173794.151,2024-01-03
ALFA,2024-01-04T14:30:00.000000+0000,2024-01-04T21:00:00.000000+0000,2024-01-04T21:00:00.000000+0000,77.761383,78.206717,77.621729,78.066515,165453.781,2024-01-04
ALFA,2024-01-05T14:30:00.000000+0000,2024-01-05T21:00:00.000000+0000,2024-01-05T21:00:00.000000+0000,78.44828,78.497129,78.290337,78.339117,202967.711,2024-01-05
ALFA,2024-01-08T14:30:00.000000+0000,2024-01-08T21:00:00.000000+0000,2024-01-08T21:00:00.000000+0000,78.362594,78.55154,77.8623,78.050493,165669.843,2024-01-08
ALFA,2024-01-09T14:30:00.000000+0000,2024-01-09T21:00:00.000000+0000,2024-01-09T21:00:00.000000+0000,78.119916,78.26415,77.619155,77.76273,202421.518,2024-01-09
ALFA,2024-01-10T14:30:00.000000+0000,2024-01-10T21:00:00.000000+0000,2024-01-10T21:00:00.000000+0000,77.691737,78.254896,77.448388,78.010548,147760.047,2024-01-10
ALFA,2024-01-11T14:30:00.000000+0000,2024-01-11T21:00:00.000000+0000,2024-01-11T21:00:00.000000+0000,78.001148,78.073536,77.612874,77.684968,174251.26,2024-01-11
ALFA,2024-01-12T14:30:00.000000+0000,2024-01-12T21:00:00.000000+0000,2024-01-12T21:00:00.000000+0000,77.909497,78.638007,77.759705,78.487104,158018.461,2024-01-12
ALFA,2024-01-16T14:30:00.000000+0000,2024-01-16T21:00:00.000000+0000,2024-01-16T21:00:00.000000+0000,78.312138,78.450806,77.652505,77.790248,128165.908,2024-01-16
ALFA,2024-01-17T14:30:00.000000+0000,2024-01-17T21:00:00.000000+0000,2024-01-17T21:00:00.000000+0000,77.648222,78.330479,77.475317,78.156442,198362.606,2024-01-17
ALFA,2024-01-18T14:30:00.000000+0000,2024-01-18T21:00:00.000000+0000,2024-01-18T21:00:00.000000+0000,78.595558,79.865886,78.484469,79.753162,201853.007,2024-01-18
ALFA,2024-01-19T14:30:00.000000+0000,2024-01-19T21:00:00.000000+0000,2024-01-19T21:00:00.000000+0000,79.792042,79.939557,79.433029,79.580153,173665.996,2024-01-19
ALFA,2024-01-22T14:30:00.000000+0000,2024-01-22T21:00:00.000000+0000,2024-01-22T21:00:00.000000+0000,79.590008,80.509006,79.422041,80.339458,153085.218,2024-01-22
ALFA,2024-01-23T14:30:00.000000+0000,2024-01-23T21:00:00.000000+0000,2024-01-23T21:00:00.000000+0000,80.114811,80.273934,80.078249,80.237316,179510.096,2024-01-23
ALFA,2024-01-24T14:30:00.000000+0000,2024-01-24T21:00:00.000000+0000,2024-01-24T21:00:00.000000+0000,80.192912,81.029965,80.080329,80.916366,162962.574,2024-01-24
ALFA,2024-01-25T14:30:00.000000+0000,2024-01-25T21:00:00.000000+0000,2024-01-25T21:00:00.000000+0000,81.045012,81.473486,80.868304,81.296231,147501.225,2024-01-25
ALFA,2024-01-26T14:30:00.000000+0000,2024-01-26T21:00:00.000000+0000,2024-01-26T21:00:00.000000+0000,81.495617,81.82861,81.203929,81.536775,175287.629,2024-01-26
ALFA,2024-01-29T14:30:00.000000+0000,2024-01-29T21:00:00.000000+0000,2024-01-29T21:00:00.000000+0000,81.695554,82.065015,81.4307,81.799823,192820.483,2024-01-29
ALFA,2024-01-30T14:30:00.000000+0000,2024-01-30T21:00:00.000000+0000,2024-01-30T21:00:00.000000+0000,81.90029,82.113095,81.518126,81.73049,175948.934,2024-01-30
ALFA,2024-01-31T14:30:00.000000+0000,2024-01-31T21:00:00.000000+0000,2024-01-31T21:00:00.000000+0000,81.551119,81.771366,80.715341,80.933921,132803.77,2024-01-31
ALFA,2024-02-01T14:30:00.000000+0000,2024-02-01T21:00:00.000000+0000,2024-02-01T21:00:00.000000+0000,80.805301,81.103638,80.538355,80.836589,184615.954,2024-02-01
ALFA,2024-02-02T14:30:00.000000+0000,2024-02-02T21:00:00.000000+0000,2024-02-02T21:00:00.000000+0000,81.077062,81.627538,80.936934,81.486702,136921.449,2024-02-02
ALFA,2024-02-05T14:30:00.000000+0000,2024-02-05T21:00:00.000000+0000,2024-02-05T21:00:00.000000+0000,81.447517,81.618723,81.015614,81.18627,164694.629,2024-02-05
ALFA,2024-02-06T14:30:00.000000+0000,2024-02-06T21:00:00.000000+0000,2024-02-06T21:00:00.000000+0000,81.370348,81.578929,81.237004,81.445462,171580.045,2024-02-06
ALFA,2024-02-07T14:30:00.000000+0000,2024-02-07T21:00:00.000000+0000,2024-02-07T21:00:00.000000+0000,81.284424,81.641259,81.085251,81.441701,162830.699,2024-02-07
ALFA,2024-02-08T14:30:00.000000+0000,2024-02-08T21:00:00.000000+0000,2024-02-08T21:00:00.000000+0000,81.319569,81.463031,80.556307,80.698673,158320.009,2024-02-08
ALFA,2024-02-09T14:30:00.000000+0000,2024-02-09T21:00:00.000000+0000,2024-02-09T21:00:00.000000+0000,80.655071,81.092909,80.350893,80.788229,160369.066,2024-02-09
ALFA,2024-02-12T14:30:00.000000+0000,2024-02-12T21:00:00.000000+0000,2024-02-12T21:00:00.000000+0000,80.748822,80.756691,79.963063,79.970857,142325.063,2024-02-12
ALFA,2024-02-13T14:30:00.000000+0000,2024-02-13T21:00:00.000000+0000,2024-02-13T21:00:00.000000+0000,79.92878,80.148976,79.823742,80.043787,200236.839,2024-02-13
ALFA,2024-02-14T14:30:00.000000+0000,2024-02-14T21:00:00.000000+0000,2024-02-14T21:00:00.000000+0000,80.017382,80.280515,79.446562,79.708679,164268.193,2024-02-14
ALFA,2024-02-15T14:30:00.000000+0000,2024-02-15T21:00:00.000000+0000,2024-02-15T21:00:00.000000+0000,79.714614,80.089401,79.562263,79.936626,162847.497,2024-02-15
ALFA,2024-02-16T14:30:00.000000+0000,2024-02-16T21:00:00.000000+0000,2024-02-16T21:00:00.000000+0000,80.211415,81.034673,80.185779,81.008782,120543.762,2024-02-16
ALFA,2024-02-20T14:30:00.000000+0000,2024-02-20T21:00:00.000000+0000,2024-02-20T21:00:00.000000+0000,80.920779,81.206472,80.757761,81.043208,180505.344,2024-02-20
ALFA,2024-02-21T14:30:00.000000+0000,2024-02-21T21:00:00.000000+0000,2024-02-21T21:00:00.000000+0000,81.119889,81.250959,79.956612,80.086011,189635.02,2024-02-21
ALFA,2024-02-22T14:30:00.000000+0000,2024-02-22T21:00:00.000000+0000,2024-02-22T21:00:00.000000+0000,80.251019,80.426292,79.447618,79.621516,188037.866,2024-02-22
ALFA,2024-02-23T14:30:00.000000+0000,2024-02-23T21:00:00.000000+0000,2024-02-23T21:00:00.000000+0000,79.664933,79.779533,77.884634,77.996834,180714.285,2024-02-23
ALFA,2024-02-26T14:30:00.000000+0000,2024-02-26T21:00:00.000000+0000,2024-02-26T21:00:00.000000+0000,78.014089,78.170222,77.482494,77.637874,202996.301,2024-02-26
ALFA,2024-02-27T14:30:00.000000+0000,2024-02-27T21:00:00.000000+0000,2024-02-27T21:00:00.000000+0000,77.257313,78.243387,77.212325,78.197851,136208.14,2024-02-27
ALFA,2024-02-28T14:30:00.000000+0000,2024-02-28T21:00:00.000000+0000,2024-02-28T21:00:00.000000+0000,78.141039,78.44542,78.004652,78.308741,129819.61,2024-02-28
ALFA,2024-02-29T14:30:00.000000+0000,2024-02-29T21:00:00.000000+0000,2024-02-29T21:00:00.000000+0000,78.154448,78.322229,78.065417,78.233109,235299.303,2024-02-29
ALFA,2024-03-01T14:30:00.000000+0000,2024-03-01T21:00:00.000000+0000,2024-03-01T21:00:00.000000+0000,78.515021,78.91643,78.390319,78.79129,154116.256,2024-03-01
ALFA,2024-03-04T14:30:00.000000+0000,2024-03-04T21:00:00.000000+0000,2024-03-04T21:00:00.000000+0000,78.610195,78.617417,77.824781,77.831932,159926.237,2024-03-04
ALFA,2024-03-05T14:30:00.000000+0000,2024-03-05T21:00:00.000000+0000,2024-03-05T21:00:00.000000+0000,77.676602,77.825364,77.07612,77.224015,128023.5,2024-03-05
ALFA,2024-03-06T14:30:00.000000+0000,2024-03-06T21:00:00.000000+0000,2024-03-06T21:00:00.000000+0000,77.10633,77.272002,76.478869,76.643548,171945.258,2024-03-06
ALFA,2024-03-07T14:30:00.000000+0000,2024-03-07T21:00:00.000000+0000,2024-03-07T21:00:00.000000+0000,76.707541,76.759664,76.47437,76.52637,185016.976,2024-03-07
ALFA,2024-03-08T14:30:00.000000+0000,2024-03-08T21:00:00.000000+0000,2024-03-08T21:00:00.000000+0000,76.403896,76.959715,76.202735,76.757623,162495.274,2024-03-08
ALFA,2024-03-11T13:30:00.000000+0000,2024-03-11T20:00:00.000000+0000,2024-03-11T20:00:00.000000+0000,76.546327,77.383663,76.417438,77.253583,171923.444,2024-03-11
ALFA,2024-03-12T13:30:00.000000+0000,2024-03-12T20:00:00.000000+0000,2024-03-12T20:00:00.000000+0000,77.348291,77.850952,77.2045,77.706495,204795.425,2024-03-12
ALFA,2024-03-13T13:30:00.000000+0000,2024-03-13T20:00:00.000000+0000,2024-03-13T20:00:00.000000+0000,77.863075,77.998818,77.719617,77.855345,182137.7,2024-03-13
ALFA,2024-03-14T13:30:00.000000+0000,2024-03-14T20:00:00.000000+0000,2024-03-14T20:00:00.000000+0000,78.156458,78.739819,77.84692,78.429201,135374.463,2024-03-14
ALFA,2024-03-15T13:30:00.000000+0000,2024-03-15T20:00:00.000000+0000,2024-03-15T20:00:00.000000+0000,78.283867,78.959978,78.011054,78.685764,138865.045,2024-03-15
ALFA,2024-03-18T13:30:00.000000+0000,2024-03-18T20:00:00.000000+0000,2024-03-18T20:00:00.000000+0000,78.477634,78.596434,77.608049,77.725711,173344.116,2024-03-18
ALFA,2024-03-19T13:30:00.000000+0000,2024-03-19T20:00:00.000000+0000,2024-03-19T20:00:00.000000+0000,77.709793,77.814658,76.974227,77.07824,147100.033,2024-03-19
ALFA,2024-03-20T13:30:00.000000+0000,2024-03-20T20:00:00.000000+0000,2024-03-20T20:00:00.000000+0000,76.968428,78.335981,76.882186,78.248304,229175.859,2024-03-20
ALFA,2024-03-21T13:30:00.000000+0000,2024-03-21T20:00:00.000000+0000,2024-03-21T20:00:00.000000+0000,78.294864,78.520882,77.730525,77.955564,151242.287,2024-03-21
ALFA,2024-03-22T13:30:00.000000+0000,2024-03-22T20:00:00.000000+0000,2024-03-22T20:00:00.000000+0000,77.926572,78.953536,77.826323,78.852097,109342.862,2024-03-22
ALFA,2024-03-25T13:30:00.000000+0000,2024-03-25T20:00:00.000000+0000,2024-03-25T20:00:00.000000+0000,78.634779,78.649671,78.135044,78.149844,116137.769,2024-03-25
ALFA,2024-03-26T13:30:00.000000+0000,2024-03-26T20:00:00.000000+0000,2024-03-26T20:00:00.000000+0000,77.96301,79.204436,77.703786,78.941958,161673.569,2024-03-26
ALFA,2024-03-27T13:30:00.000000+0000,2024-03-27T20:00:00.000000+0000,2024-03-27T20:00:00.000000+0000,79.145717,79.529222,78.954898,79.337939,183026.06,2024-03-27
ALFA,2024-03-28T13:30:00.000000+0000,2024-03-28T20:00:00.000000+0000,2024-03-28T20:00:00.000000+0000,79.194989,79.47608,78.995105,79.275991,181553.769,2024-03-28
ALFA,2024-04-01T13:30:00.000000+0000,2024-04-01T20:00:00.000000+0000,2024-04-01T20:00:00.000000+0000,79.184563,80.127545,78.981887,79.922979,177181.191,2024-04-01
ALFA,2024-04-02T13:30:00.000000+0000,2024-04-02T20:00:00.000000+0000,2024-04-02T20:00:00.000000+0000,79.835135,79.905169,79.391021,79.460727,136268.264,2024-04-02
ALFA,2024-04-03T13:30:00.000000+0000,2024-04-03T20:00:00.000000+0000,2024-04-03T20:00:00.000000+0000,79.474474,79.659412,78.991214,79.175456,144512.477,2024-04-03
ALFA,2024-04-04T13:30:00.000000+0000,2024-04-04T20:00:00.000000+0000,2024-04-04T20:00:00.000000+0000,79.179666,79.3832,78.627743,78.830379,178568.687,2024-04-04
ALFA,2024-04-05T13:30:00.000000+0000,2024-04-05T20:00:00.000000+0000,2024-04-05T20:00:00.000000+0000,79.07505,79.334177,78.651321,78.909908,140057.213,2024-04-05
ALFA,2024-04-08T13:30:00.000000+0000,2024-04-08T20:00:00.000000+0000,2024-04-08T20:00:00.000000+0000,79.175611,79.291922,77.920348,78.034983,190371.16,2024-04-08
ALFA,2024-04-09T13:30:00.000000+0000,2024-04-09T20:00:00.000000+0000,2024-04-09T20:00:00.000000+0000,78.045594,78.530285,77.921669,78.405788,124100.31,2024-04-09
ALFA,2024-04-10T13:30:00.000000+0000,2024-04-10T20:00:00.000000+0000,2024-04-10T20:00:00.000000+0000,78.378885,78.663067,78.34435,78.628422,188168.833,2024-04-10
ALFA,2024-04-11T13:30:00.000000+0000,2024-04-11T20:00:00.000000+0000,2024-04-11T20:00:00.000000+0000,78.866948,79.564062,78.772064,79.468454,170296.38,2024-04-11
ALFA,2024-04-12T13:30:00.000000+0000,2024-04-12T20:00:00.000000+0000,2024-04-12T20:00:00.000000+0000,79.353163,79.461997,78.076258,78.183488,182804.802,2024-04-12
ALFA,2024-04-15T13:30:00.000000+0000,2024-04-15T20:00:00.000000+0000,2024-04-15T20:00:00.000000+0000,78.177462,78.469818,77.61437,77.90571,151397.655,2024-04-15
ALFA,2024-04-16T13:30:00.000000+0000,2024-04-16T20:00:00.000000+0000,2024-04-16T20:00:00.000000+0000,78.061418,78.225145,77.524187,77.687129,183389.338,2024-04-16
ALFA,2024-04-17T13:30:00.000000+0000,2024-04-17T20:00:00.000000+0000,2024-04-17T20:00:00.000000+0000,77.617652,77.769041,77.15796,77.308746,159959.377,2024-04-17
ALFA,2024-04-18T13:30:00.000000+0000,2024-04-18T20:00:00.000000+0000,2024-04-18T20:00:00.000000+0000,77.179477,77.384935,76.969576,77.175022,179429.446,2024-04-18
ALFA,2024-04-19T13:30:00.000000+0000,2024-04-19T20:00:00.000000+0000,2024-04-19T20:00:00.000000+0000,77.266638,77.807424,76.993348,77.533192,202278.698,2024-04-19
ALFA,2024-04-22T13:30:00.000000+0000,2024-04-22T20:00:00.000000+0000,2024-04-22T20:00:00.000000+0000,77.47505,77.681793,77.291198,77.497887,148221.032,2024-04-22
ALFA,2024-04-23T13:30:00.000000+0000,2024-04-23T20:00:00.000000+0000,2024-04-23T20:00:00.000000+0000,77.501507,78.020424,77.392985,77.911328,207525.717,2024-04-23
ALFA,2024-04-24T13:30:00.000000+0000,2024-04-24T20:00:00.000000+0000,2024-04-24T20:00:00.000000+0000,77.968001,78.267312,77.829064,78.12809,194666.436,2024-04-24
ALFA,2024-04-25T13:30:00.000000+0000,2024-04-25T20:00:00.000000+0000,2024-04-25T20:00:00.000000+0000,77.788918,77.790015,76.943893,76.944979,183391.006,2024-04-25
ALFA,2024-04-26T13:30:00.000000+0000,2024-04-26T20:00:00.000000+0000,2024-04-26T20:00:00.000000+0000,76.954284,77.127466,76.694222,76.867207,133391.085,2024-04-26
ALFA,2024-04-29T13:30:00.000000+0000,2024-04-29T20:00:00.000000+0000,2024-04-29T20:00:00.000000+0000,76.863635,77.995527,76.555911,77.684517,184172.84,2024-04-29
ALFA,2024-04-30T13:30:00.000000+0000,2024-04-30T20:00:00.000000+0000,2024-04-30T20:00:00.000000+0000,77.710884,78.556406,77.589581,78.433975,153401.519,2024-04-30
ALFA,2024-05-01T13:30:00.000000+0000,2024-05-01T20:00:00.000000+0000,2024-05-01T20:00:00.000000+0000,78.099972,78.489293,77.92365,78.312492,184761.756,2024-05-01
ALFA,2024-05-02T13:30:00.000000+0000,2024-05-02T20:00:00.000000+0000,2024-05-02T20:00:00.000000+0000,78.06571,78.197236,77.961213,78.092702,136814.368,2024-05-02
ALFA,2024-05-03T13:30:00.000000+0000,2024-05-03T20:00:00.000000+0000,2024-05-03T20:00:00.000000+0000,77.941929,79.520017,77.781876,79.357059,119054.86,2024-05-03
ALFA,2024-05-06T13:30:00.000000+0000,2024-05-06T20:00:00.000000+0000,2024-05-06T20:00:00.000000+0000,79.454553,79.673359,78.851394,79.069139,156738.582,2024-05-06
ALFA,2024-05-07T13:30:00.000000+0000,2024-05-07T20:00:00.000000+0000,2024-05-07T20:00:00.000000+0000,78.676844,78.755802,78.179634,78.258172,195816.895,2024-05-07
ALFA,2024-05-08T13:30:00.000000+0000,2024-05-08T20:00:00.000000+0000,2024-05-08T20:00:00.000000+0000,77.823371,77.951972,77.5512,77.679564,136352.658,2024-05-08
ALFA,2024-05-09T13:30:00.000000+0000,2024-05-09T20:00:00.000000+0000,2024-05-09T20:00:00.000000+0000,77.804561,77.907644,77.105354,77.207645,172921.516,2024-05-09
ALFA,2024-05-10T13:30:00.000000+0000,2024-05-10T20:00:00.000000+0000,2024-05-10T20:00:00.000000+0000,77.294961,77.591482,76.429628,76.723958,157874.976,2024-05-10
ALFA,2024-05-13T13:30:00.000000+0000,2024-05-13T20:00:00.000000+0000,2024-05-13T20:00:00.000000+0000,76.781661,76.8212,76.290376,76.329682,194572.872,2024-05-13
ALFA,2024-05-14T13:30:00.000000+0000,2024-05-14T20:00:00.000000+0000,2024-05-14T20:00:00.000000+0000,76.213583,76.401597,76.103893,76.291795,162212.556,2024-05-14
ALFA,2024-05-15T13:30:00.000000+0000,2024-05-15T20:00:00.000000+0000,2024-05-15T20:00:00.000000+0000,76.053324,76.812466,75.883819,76.64165,188173.547,2024-05-15
ALFA,2024-05-16T13:30:00.000000+0000,2024-05-16T20:00:00.000000+0000,2024-05-16T20:00:00.000000+0000,76.686552,76.777089,76.655026,76.745538,159760.102,2024-05-16
ALFA,2024-05-17T13:30:00.000000+0000,2024-05-17T20:00:00.000000+0000,2024-05-17T20:00:00.000000+0000,76.859433,76.868811,76.702699,76.712059,138522.092,2024-05-17
ALFA,2024-05-20T13:30:00.000000+0000,2024-05-20T20:00:00.000000+0000,2024-05-20T20:00:00.000000+0000,76.846542,77.02099,76.46511,76.639088,173129.602,2024-05-20
ALFA,2024-05-21T13:30:00.000000+0000,2024-05-21T20:00:00.000000+0000,2024-05-21T20:00:00.000000+0000,76.924108,77.448798,76.734217,77.258082,179635.163,2024-05-21
ALFA,2024-05-22T13:30:00.000000+0000,2024-05-22T20:00:00.000000+0000,2024-05-22T20:00:00.000000+0000,77.676936,77.815682,77.21014,77.348299,144396.402,2024-05-22
ALFA,2024-05-23T13:30:00.000000+0000,2024-05-23T20:00:00.000000+0000,2024-05-23T20:00:00.000000+0000,77.414478,77.603291,76.554362,76.741533,150390.826,2024-05-23
ALFA,2024-05-24T13:30:00.000000+0000,2024-05-24T20:00:00.000000+0000,2024-05-24T20:00:00.000000+0000,76.583078,76.913139,76.243711,76.573732,170932.927,2024-05-24
ALFA,2024-05-28T13:30:00.000000+0000,2024-05-28T20:00:00.000000+0000,2024-05-28T20:00:00.000000+0000,76.461584,76.684541,76.230344,76.453276,160111.9,2024-05-28
ALFA,2024-05-29T13:30:00.000000+0000,2024-05-29T20:00:00.000000+0000,2024-05-29T20:00:00.000000+0000,76.414609,76.610404,75.843425,76.038255,134083.452,2024-05-29
ALFA,2024-05-30T13:30:00.000000+0000,2024-05-30T20:00:00.000000+0000,2024-05-30T20:00:00.000000+0000,76.091882,76.389626,75.368671,75.664744,174543.042,2024-05-30
ALFA,2024-05-31T13:30:00.000000+0000,2024-05-31T20:00:00.000000+0000,2024-05-31T20:00:00.000000+0000,75.607812,75.856585,75.494937,75.743508,153039.143,2024-05-31
ALFA,2024-06-03T13:30:00.000000+0000,2024-06-03T20:00:00.000000+0000,2024-06-03T20:00:00.000000+0000,75.705036,75.827844,75.035402,75.157322,186735.175,2024-06-03
ALFA,2024-06-04T13:30:00.000000+0000,2024-06-04T20:00:00.000000+0000,2024-06-04T20:00:00.000000+0000,74.896795,75.11115,74.677091,74.89143,153744.44,2024-06-04
ALFA,2024-06-05T13:30:00.000000+0000,2024-06-05T20:00:00.000000+0000,2024-06-05T20:00:00.000000+0000,74.94789,75.013321,74.53666,74.601788,198648.987,2024-06-05
ALFA,2024-06-06T13:30:00.000000+0000,2024-06-06T20:00:00.000000+0000,2024-06-06T20:00:00.000000+0000,74.787641,75.779293,74.566301,75.555679,129675.024,2024-06-06
ALFA,2024-06-07T13:30:00.000000+0000,2024-06-07T20:00:00.000000+0000,2024-06-07T20:00:00.000000+0000,75.680968,76.844432,75.498967,76.660075,127926.264,2024-06-07
ALFA,2024-06-10T13:30:00.000000+0000,2024-06-10T20:00:00.000000+0000,2024-06-10T20:00:00.000000+0000,76.65635,76.837607,76.31961,76.500498,176912.633,2024-06-10
ALFA,2024-06-11T13:30:00.000000+0000,2024-06-11T20:00:00.000000+0000,2024-06-11T20:00:00.000000+0000,76.527619,76.702962,76.313868,76.489122,203016.332,2024-06-11
ALFA,2024-06-12T13:30:00.000000+0000,2024-06-12T20:00:00.000000+0000,2024-06-12T20:00:00.000000+0000,76.676679,76.743162,75.44151,75.506979,155186.705,2024-06-12
ALFA,2024-06-13T13:30:00.000000+0000,2024-06-13T20:00:00.000000+0000,2024-06-13T20:00:00.000000+0000,75.482114,75.500826,75.020575,75.039177,165070.421,2024-06-13
ALFA,2024-06-14T13:30:00.000000+0000,2024-06-14T20:00:00.000000+0000,2024-06-14T20:00:00.000000+0000,75.226589,75.295303,75.085995,75.154644,171178.156,2024-06-14
ALFA,2024-06-17T13:30:00.000000+0000,2024-06-17T20:00:00.000000+0000,2024-06-17T20:00:00.000000+0000,75.016987,75.116616,74.117963,74.216529,203131.543,2024-06-17
ALFA,2024-06-18T13:30:00.000000+0000,2024-06-18T20:00:00.000000+0000,2024-06-18T20:00:00.000000+0000,74.135996,74.671424,73.953457,74.488019,122923.475,2024-06-18
ALFA,2024-06-20T13:30:00.000000+0000,2024-06-20T20:00:00.000000+0000,2024-06-20T20:00:00.000000+0000,74.765459,75.934281,74.570871,75.737163,158359.814,2024-06-20
ALFA,2024-06-21T13:30:00.000000+0000,2024-06-21T20:00:00.000000+0000,2024-06-21T20:00:00.000000+0000,75.824344,76.105062,75.779594,76.060173,194342.94,2024-06-21
ALFA,2024-06-24T13:30:00.000000+0000,2024-06-24T20:00:00.000000+0000,2024-06-24T20:00:00.000000+0000,76.010888,76.344057,75.874378,76.207194,151183.81,2024-06-24
ALFA,2024-06-25T13:30:00.000000+0000,2024-06-25T20:00:00.000000+0000,2024-06-25T20:00:00.000000+0000,76.118694,76.323809,75.769322,75.974047,169123.759,2024-06-25
ALFA,2024-06-26T13:30:00.000000+0000,2024-06-26T20:00:00.000000+0000,2024-06-26T20:00:00.000000+0000,76.073079,76.881396,75.921602,76.728613,175778.502,2024-06-26
ALFA,2024-06-27T13:30:00.000000+0000,2024-06-27T20:00:00.000000+0000,2024-06-27T20:00:00.000000+0000,76.664338,76.988608,75.340929,75.660954,128644.805,2024-06-27
ALFA,2024-06-28T13:30:00.000000+0000,2024-06-28T20:00:00.000000+0000,2024-06-28T20:00:00.000000+0000,75.851761,76.107223,75.538196,75.793461,143225.584,2024-06-28
ALFA,2024-07-01T13:30:00.000000+0000,2024-07-01T20:00:00.000000+0000,2024-07-01T20:00:00.000000+0000,76.13139,77.297914,75.903339,77.067061,188277.243,2024-07-01
ALFA,2024-07-02T13:30:00.000000+0000,2024-07-02T20:00:00.000000+0000,2024-07-02T20:00:00.000000+0000,77.07138,77.208781,76.550298,76.687014,157721.907,2024-07-02
ALFA,2024-07-03T13:30:00.000000+0000,2024-07-03T17:00:00.000000+0000,2024-07-03T17:00:00.000000+0000,76.746911,77.007942,75.682569,75.940858,167241.998,2024-07-03
ALFA,2024-07-05T13:30:00.000000+0000,2024-07-05T20:00:00.000000+0000,2024-07-05T20:00:00.000000+0000,75.802426,76.016524,75.205985,75.419,186870.775,2024-07-05
ALFA,2024-07-08T13:30:00.000000+0000,2024-07-08T20:00:00.000000+0000,2024-07-08T20:00:00.000000+0000,75.517748,75.725082,74.435858,74.640784,156273.16,2024-07-08
ALFA,2024-07-09T13:30:00.000000+0000,2024-07-09T20:00:00.000000+0000,2024-07-09T20:00:00.000000+0000,74.502103,74.909007,74.417781,74.82432,127348.221,2024-07-09
ALFA,2024-07-10T13:30:00.000000+0000,2024-07-10T20:00:00.000000+0000,2024-07-10T20:00:00.000000+0000,74.859779,75.003252,74.514595,74.65768,152360.065,2024-07-10
ALFA,2024-07-11T13:30:00.000000+0000,2024-07-11T20:00:00.000000+0000,2024-07-11T20:00:00.000000+0000,74.216361,74.272223,73.221069,73.276223,192552.88,2024-07-11
ALFA,2024-07-12T13:30:00.000000+0000,2024-07-12T20:00:00.000000+0000,2024-07-12T20:00:00.000000+0000,73.178821,73.351566,72.98308,73.155771,132110.924,2024-07-12
ALFA,2024-07-15T13:30:00.000000+0000,2024-07-15T20:00:00.000000+0000,2024-07-15T20:00:00.000000+0000,73.36627,73.502436,72.956056,73.091713,169991.899,2024-07-15
ALFA,2024-07-16T13:30:00.000000+0000,2024-07-16T20:00:00.000000+0000,2024-07-16T20:00:00.000000+0000,73.431703,73.742666,73.173485,73.484263,155440.011,2024-07-16
ALFA,2024-07-17T13:30:00.000000+0000,2024-07-17T20:00:00.000000+0000,2024-07-17T20:00:00.000000+0000,73.397079,73.519979,72.575604,72.697332,175691.472,2024-07-17
ALFA,2024-07-18T13:30:00.000000+0000,2024-07-18T20:00:00.000000+0000,2024-07-18T20:00:00.000000+0000,72.682033,73.147907,72.565396,73.030711,202820.613,2024-07-18
ALFA,2024-07-19T13:30:00.000000+0000,2024-07-19T20:00:00.000000+0000,2024-07-19T20:00:00.000000+0000,73.014029,73.327959,72.569028,72.882392,164985.255,2024-07-19
ALFA,2024-07-22T13:30:00.000000+0000,2024-07-22T20:00:00.000000+0000,2024-07-22T20:00:00.000000+0000,73.142628,73.336341,72.970208,73.16387,188046.412,2024-07-22
ALFA,2024-07-23T13:30:00.000000+0000,2024-07-23T20:00:00.000000+0000,2024-07-23T20:00:00.000000+0000,73.05784,73.882963,72.974098,73.798372,174373.686,2024-07-23
ALFA,2024-07-24T13:30:00.000000+0000,2024-07-24T20:00:00.000000+0000,2024-07-24T20:00:00.000000+0000,73.944279,74.214192,73.793414,74.063085,134193.894,2024-07-24
ALFA,2024-07-25T13:30:00.000000+0000,2024-07-25T20:00:00.000000+0000,2024-07-25T20:00:00.000000+0000,73.861595,73.903907,73.719031,73.761286,124848.55,2024-07-25
ALFA,2024-07-26T13:30:00.000000+0000,2024-07-26T20:00:00.000000+0000,2024-07-26T20:00:00.000000+0000,73.777438,74.007995,72.98948,73.21829,162427.598,2024-07-26
ALFA,2024-07-29T13:30:00.000000+0000,2024-07-29T20:00:00.000000+0000,2024-07-29T20:00:00.000000+0000,72.887283,73.229293,72.755412,73.097043,158828.479,2024-07-29
ALFA,2024-07-30T13:30:00.000000+0000,2024-07-30T20:00:00.000000+0000,2024-07-30T20:00:00.000000+0000,73.403466,73.443314,73.251547,73.291334,153491.176,2024-07-30
ALFA,2024-07-31T13:30:00.000000+0000,2024-07-31T20:00:00.000000+0000,2024-07-31T20:00:00.000000+0000,73.541382,73.721557,73.275412,73.455376,177104.806,2024-07-31
ALFA,2024-08-01T13:30:00.000000+0000,2024-08-01T20:00:00.000000+0000,2024-08-01T20:00:00.000000+0000,73.47221,73.643396,72.88169,73.051897,182890.233,2024-08-01
ALFA,2024-08-02T13:30:00.000000+0000,2024-08-02T20:00:00.000000+0000,2024-08-02T20:00:00.000000+0000,72.933628,73.143535,72.397449,72.606414,132461.796,2024-08-02
ALFA,2024-08-05T13:30:00.000000+0000,2024-08-05T20:00:00.000000+0000,2024-08-05T20:00:00.000000+0000,72.654097,73.258148,72.495803,73.098885,148383.592,2024-08-05
ALFA,2024-08-06T13:30:00.000000+0000,2024-08-06T20:00:00.000000+0000,2024-08-06T20:00:00.000000+0000,73.095568,73.199566,72.994882,73.098875,138585.785,2024-08-06
ALFA,2024-08-07T13:30:00.000000+0000,2024-08-07T20:00:00.000000+0000,2024-08-07T20:00:00.000000+0000,73.047177,73.112629,72.681103,72.746285,170829.219,2024-08-07
ALFA,2024-08-08T13:30:00.000000+0000,2024-08-08T20:00:00.000000+0000,2024-08-08T20:00:00.000000+0000,72.578956,73.016494,72.382124,72.81901,136322.426,2024-08-08
ALFA,2024-08-09T13:30:00.000000+0000,2024-08-09T20:00:00.000000+0000,2024-08-09T20:00:00.000000+0000,72.736536,72.836578,72.382513,72.482205,198545.19,2024-08-09
ALFA,2024-08-12T13:30:00.000000+0000,2024-08-12T20:00:00.000000+0000,2024-08-12T20:00:00.000000+0000,72.530085,72.659788,72.344424,72.474026,175397.116,2024-08-12
ALFA,2024-08-13T13:30:00.000000+0000,2024-08-13T20:00:00.000000+0000,2024-08-13T20:00:00.000000+0000,72.168593,72.500871,72.027369,72.359274,219614.085,2024-08-13
ALFA,2024-08-14T13:30:00.000000+0000,2024-08-14T20:00:00.000000+0000,2024-08-14T20:00:00.000000+0000,72.378427,72.528099,71.806989,71.955787,176701.873,2024-08-14
ALFA,2024-08-15T13:30:00.000000+0000,2024-08-15T20:00:00.000000+0000,2024-08-15T20:00:00.000000+0000,72.084675,72.4318,72.084493,72.431617,126456.168,2024-08-15
ALFA,2024-08-16T13:30:00.000000+0000,2024-08-16T20:00:00.000000+0000,2024-08-16T20:00:00.000000+0000,72.46208,72.624141,72.368958,72.53093,198154.793,2024-08-16
ALFA,2024-08-19T13:30:00.000000+0000,2024-08-19T20:00:00.000000+0000,2024-08-19T20:00:00.000000+0000,72.48521,72.489956,72.353761,72.358498,134564.365,2024-08-19
ALFA,2024-08-20T13:30:00.000000+0000,2024-08-20T20:00:00.000000+0000,2024-08-20T20:00:00.000000+0000,71.960573,72.785663,71.8335,72.657359,158220.1,2024-08-20
ALFA,2024-08-21T13:30:00.000000+0000,2024-08-21T20:00:00.000000+0000,2024-08-21T20:00:00.000000+0000,72.595678,72.819191,71.942933,72.165121,194809.605,2024-08-21
ALFA,2024-08-22T13:30:00.000000+0000,2024-08-22T20:00:00.000000+0000,2024-08-22T20:00:00.000000+0000,72.140529,72.150245,71.093834,71.103411,178544.337,2024-08-22
ALFA,2024-08-23T13:30:00.000000+0000,2024-08-23T20:00:00.000000+0000,2024-08-23T20:00:00.000000+0000,71.182387,71.837598,71.017999,71.672079,188569.508,2024-08-23
ALFA,2024-08-26T13:30:00.000000+0000,2024-08-26T20:00:00.000000+0000,2024-08-26T20:00:00.000000+0000,71.505108,72.987944,71.218461,72.696522,140939.477,2024-08-26
ALFA,2024-08-27T13:30:00.000000+0000,2024-08-27T20:00:00.000000+0000,2024-08-27T20:00:00.000000+0000,72.805454,72.828216,72.584666,72.607367,141557.362,2024-08-27
ALFA,2024-08-28T13:30:00.000000+0000,2024-08-28T20:00:00.000000+0000,2024-08-28T20:00:00.000000+0000,72.827566,72.954221,72.472024,72.598279,184607.715,2024-08-28
ALFA,2024-08-29T13:30:00.000000+0000,2024-08-29T20:00:00.000000+0000,2024-08-29T20:00:00.000000+0000,72.632684,73.100013,72.495042,72.961748,199701.204,2024-08-29
ALFA,2024-08-30T13:30:00.000000+0000,2024-08-30T20:00:00.000000+0000,2024-08-30T20:00:00.000000+0000,72.927214,72.943204,72.905832,72.921821,144280.411,2024-08-30
ALFA,2024-09-03T13:30:00.000000+0000,2024-09-03T20:00:00.000000+0000,2024-09-03T20:00:00.000000+0000,73.002209,73.177086,72.529338,72.7035,128661.636,2024-09-03
ALFA,2024-09-04T13:30:00.000000+0000,2024-09-04T20:00:00.000000+0000,2024-09-04T20:00:00.000000+0000,72.598176,72.70114,71.695591,71.79742,154072.656,2024-09-04
ALFA,2024-09-05T13:30:00.000000+0000,2024-09-05T20:00:00.000000+0000,2024-09-05T20:00:00.000000+0000,71.599846,72.296155,71.501637,72.197127,145904.624,2024-09-05
ALFA,2024-09-06T13:30:00.000000+0000,2024-09-06T20:00:00.000000+0000,2024-09-06T20:00:00.000000+0000,72.308532,72.823314,72.105409,72.619317,159233.735,2024-09-06
ALFA,2024-09-09T13:30:00.000000+0000,2024-09-09T20:00:00.000000+0000,2024-09-09T20:00:00.000000+0000,72.562378,72.717656,71.90417,72.05837,143992.103,2024-09-09
ALFA,2024-09-10T13:30:00.000000+0000,2024-09-10T20:00:00.000000+0000,2024-09-10T20:00:00.000000+0000,71.893092,71.969283,71.624205,71.700191,147971.953,2024-09-10
ALFA,2024-09-11T13:30:00.000000+0000,2024-09-11T20:00:00.000000+0000,2024-09-11T20:00:00.000000+0000,71.533348,72.844039,71.378689,72.686885,181581.043,2024-09-11
ALFA,2024-09-12T13:30:00.000000+0000,2024-09-12T20:00:00.000000+0000,2024-09-12T20:00:00.000000+0000,72.456163,72.817034,72.30943,72.669868,157473.053,2024-09-12
ALFA,2024-09-13T13:30:00.000000+0000,2024-09-13T20:00:00.000000+0000,2024-09-13T20:00:00.000000+0000,72.719503,72.864001,72.113016,72.256595,130870.048,2024-09-13
ALFA,2024-09-16T13:30:00.000000+0000,2024-09-16T20:00:00.000000+0000,2024-09-16T20:00:00.000000+0000,72.074163,72.220432,71.738139,71.884022,189912.2,2024-09-16
ALFA,2024-09-17T13:30:00.000000+0000,2024-09-17T20:00:00.000000+0000,2024-09-17T20:00:00.000000+0000,71.565693,72.081217,71.397819,71.91253,194549.771,2024-09-17
ALFA,2024-09-18T13:30:00.000000+0000,2024-09-18T20:00:00.000000+0000,2024-09-18T20:00:00.000000+0000,71.890521,72.073856,70.984796,71.166284,146464.688,2024-09-18
ALFA,2024-09-19T13:30:00.000000+0000,2024-09-19T20:00:00.000000+0000,2024-09-19T20:00:00.000000+0000,71.149294,71.176266,71.116466,71.143436,114502.107,2024-09-19
ALFA,2024-09-20T13:30:00.000000+0000,2024-09-20T20:00:00.000000+0000,2024-09-20T20:00:00.000000+0000,71.277579,71.349926,71.016058,71.088213,152005.324,2024-09-20
ALFA,2024-09-23T13:30:00.000000+0000,2024-09-23T20:00:00.000000+0000,2024-09-23T20:00:00.000000+0000,70.891094,71.654951,70.849266,71.612697,158565.708,2024-09-23
ALFA,2024-09-24T13:30:00.000000+0000,2024-09-24T20:00:00.000000+0000,2024-09-24T20:00:00.000000+0000,71.508203,71.678248,71.314276,71.484263,174186.312,2024-09-24
ALFA,2024-09-25T13:30:00.000000+0000,2024-09-25T20:00:00.000000+0000,2024-09-25T20:00:00.000000+0000,71.530135,72.836825,71.370007,72.674137,206213.069,2024-09-25
ALFA,2024-09-26T13:30:00.000000+0000,2024-09-26T20:00:00.000000+0000,2024-09-26T20:00:00.000000+0000,72.518964,72.660018,71.162752,71.301438,192895.423,2024-09-26
ALFA,2024-09-27T13:30:00.000000+0000,2024-09-27T20:00:00.000000+0000,2024-09-27T20:00:00.000000+0000,71.481765,71.714505,71.440431,71.673061,155305.074,2024-09-27
ALFA,2024-09-30T13:30:00.000000+0000,2024-09-30T20:00:00.000000+0000,2024-09-30T20:00:00.000000+0000,71.867742,72.244139,71.687492,72.063399,167592.289,2024-09-30
ALFA,2024-10-01T13:30:00.000000+0000,2024-10-01T20:00:00.000000+0000,2024-10-01T20:00:00.000000+0000,72.032024,72.148442,71.632956,71.748916,169945.463,2024-10-01
ALFA,2024-10-02T13:30:00.000000+0000,2024-10-02T20:00:00.000000+0000,2024-10-02T20:00:00.000000+0000,71.712701,71.853073,71.549191,71.689518,164684.995,2024-10-02
ALFA,2024-10-03T13:30:00.000000+0000,2024-10-03T20:00:00.000000+0000,2024-10-03T20:00:00.000000+0000,71.592297,71.798571,71.411016,71.617227,251987.988,2024-10-03
ALFA,2024-10-04T13:30:00.000000+0000,2024-10-04T20:00:00.000000+0000,2024-10-04T20:00:00.000000+0000,71.362701,71.528549,71.159064,71.324824,145215.117,2024-10-04
ALFA,2024-10-07T13:30:00.000000+0000,2024-10-07T20:00:00.000000+0000,2024-10-07T20:00:00.000000+0000,71.40719,71.553329,71.037123,71.182802,182458.534,2024-10-07
ALFA,2024-10-08T13:30:00.000000+0000,2024-10-08T20:00:00.000000+0000,2024-10-08T20:00:00.000000+0000,71.350154,71.506584,70.756536,70.912005,192876.978,2024-10-08
ALFA,2024-10-09T13:30:00.000000+0000,2024-10-09T20:00:00.000000+0000,2024-10-09T20:00:00.000000+0000,70.579528,70.83294,70.195363,70.448304,172173.733,2024-10-09
ALFA,2024-10-10T13:30:00.000000+0000,2024-10-10T20:00:00.000000+0000,2024-10-10T20:00:00.000000+0000,70.600169,70.655246,70.31454,70.369437,143685.838,2024-10-10
ALFA,2024-10-11T13:30:00.000000+0000,2024-10-11T20:00:00.000000+0000,2024-10-11T20:00:00.000000+0000,70.389976,70.529557,70.205799,70.345291,169814.219,2024-10-11
ALFA,2024-10-14T13:30:00.000000+0000,2024-10-14T20:00:00.000000+0000,2024-10-14T20:00:00.000000+0000,70.497872,70.514424,69.47023,69.486544,188352.947,2024-10-14
ALFA,2024-10-15T13:30:00.000000+0000,2024-10-15T20:00:00.000000+0000,2024-10-15T20:00:00.000000+0000,69.487695,69.61251,68.604621,68.728071,130526.652,2024-10-15
ALFA,2024-10-16T13:30:00.000000+0000,2024-10-16T20:00:00.000000+0000,2024-10-16T20:00:00.000000+0000,68.797219,69.389568,68.768729,69.360845,179379.527,2024-10-16
ALFA,2024-10-17T13:30:00.000000+0000,2024-10-17T20:00:00.000000+0000,2024-10-17T20:00:00.000000+0000,69.153858,69.295862,68.963152,69.105057,159871.345,2024-10-17
ALFA,2024-10-18T13:30:00.000000+0000,2024-10-18T20:00:00.000000+0000,2024-10-18T20:00:00.000000+0000,69.266699,69.392857,68.562579,68.687683,146661.02,2024-10-18
ALFA,2024-10-21T13:30:00.000000+0000,2024-10-21T20:00:00.000000+0000,2024-10-21T20:00:00.000000+0000,68.618088,69.497961,68.393509,69.271244,176388.556,2024-10-21
ALFA,2024-10-22T13:30:00.000000+0000,2024-10-22T20:00:00.000000+0000,2024-10-22T20:00:00.000000+0000,69.217818,69.581923,69.095749,69.459427,128659.343,2024-10-22
ALFA,2024-10-23T13:30:00.000000+0000,2024-10-23T20:00:00.000000+0000,2024-10-23T20:00:00.000000+0000,69.513394,69.724252,69.496698,69.707509,182183.458,2024-10-23
ALFA,2024-10-24T13:30:00.000000+0000,2024-10-24T20:00:00.000000+0000,2024-10-24T20:00:00.000000+0000,69.725441,70.031323,68.999917,69.30395,137995.957,2024-10-24
ALFA,2024-10-25T13:30:00.000000+0000,2024-10-25T20:00:00.000000+0000,2024-10-25T20:00:00.000000+0000,69.28972,70.139011,69.026538,69.873611,194601.362,2024-10-25
ALFA,2024-10-28T13:30:00.000000+0000,2024-10-28T20:00:00.000000+0000,2024-10-28T20:00:00.000000+0000,69.776317,70.002116,69.621137,69.846779,162803.609,2024-10-28
ALFA,2024-10-29T13:30:00.000000+0000,2024-10-29T20:00:00.000000+0000,2024-10-29T20:00:00.000000+0000,69.886166,71.0031,69.795222,70.910823,160588.736,2024-10-29
ALFA,2024-10-30T13:30:00.000000+0000,2024-10-30T20:00:00.000000+0000,2024-10-30T20:00:00.000000+0000,70.684184,70.835104,70.521376,70.67227,174120.541,2024-10-30
ALFA,2024-10-31T13:30:00.000000+0000,2024-10-31T20:00:00.000000+0000,2024-10-31T20:00:00.000000+0000,70.640125,71.118497,70.612932,71.091131,188769.086,2024-10-31
ALFA,2024-11-01T13:30:00.000000+0000,2024-11-01T20:00:00.000000+0000,2024-11-01T20:00:00.000000+0000,71.14296,71.233595,70.653381,70.743508,156046.596,2024-11-01
ALFA,2024-11-04T14:30:00.000000+0000,2024-11-04T21:00:00.000000+0000,2024-11-04T21:00:00.000000+0000,70.531182,71.173903,70.462443,71.104605,150140.725,2024-11-04
ALFA,2024-11-05T14:30:00.000000+0000,2024-11-05T21:00:00.000000+0000,2024-11-05T21:00:00.000000+0000,71.279298,71.596676,71.182322,71.499401,179159.554,2024-11-05
ALFA,2024-11-06T14:30:00.000000+0000,2024-11-06T21:00:00.000000+0000,2024-11-06T21:00:00.000000+0000,71.422423,72.463114,71.261869,72.300586,159339.221,2024-11-06
ALFA,2024-11-07T14:30:00.000000+0000,2024-11-07T21:00:00.000000+0000,2024-11-07T21:00:00.000000+0000,72.426831,72.53295,72.318943,72.425059,128556.113,2024-11-07
ALFA,2024-11-08T14:30:00.000000+0000,2024-11-08T21:00:00.000000+0000,2024-11-08T21:00:00.000000+0000,72.224884,72.675947,72.118849,72.569406,134947.488,2024-11-08
ALFA,2024-11-11T14:30:00.000000+0000,2024-11-11T21:00:00.000000+0000,2024-11-11T21:00:00.000000+0000,72.628944,72.751174,72.517514,72.639728,232394.348,2024-11-11
ALFA,2024-11-12T14:30:00.000000+0000,2024-11-12T21:00:00.000000+0000,2024-11-12T21:00:00.000000+0000,72.387274,72.546789,72.123509,72.282794,137421.352,2024-11-12
ALFA,2024-11-13T14:30:00.000000+0000,2024-11-13T21:00:00.000000+0000,2024-11-13T21:00:00.000000+0000,72.211465,73.004545,72.05683,72.848546,114828.42,2024-11-13
ALFA,2024-11-14T14:30:00.000000+0000,2024-11-14T21:00:00.000000+0000,2024-11-14T21:00:00.000000+0000,72.88305,73.167506,72.065643,72.348011,152052.974,2024-11-14
ALFA,2024-11-15T14:30:00.000000+0000,2024-11-15T21:00:00.000000+0000,2024-11-15T21:00:00.000000+0000,72.385604,72.604565,71.840323,72.058293,158800.976,2024-11-15
ALFA,2024-11-18T14:30:00.000000+0000,2024-11-18T21:00:00.000000+0000,2024-11-18T21:00:00.000000+0000,71.974567,72.572484,71.954721,72.552478,179180.438,2024-11-18
ALFA,2024-11-19T14:30:00.000000+0000,2024-11-19T21:00:00.000000+0000,2024-11-19T21:00:00.000000+0000,72.536057,72.693028,72.464441,72.621328,165874.956,2024-11-19
ALFA,2024-11-20T14:30:00.000000+0000,2024-11-20T21:00:00.000000+0000,2024-11-20T21:00:00.000000+0000,72.536553,72.862431,72.42981,72.755367,178250.238,2024-11-20
ALFA,2024-11-21T14:30:00.000000+0000,2024-11-21T21:00:00.000000+0000,2024-11-21T21:00:00.000000+0000,72.560617,72.781733,71.076054,71.293308,131972.266,2024-11-21
ALFA,2024-11-22T14:30:00.000000+0000,2024-11-22T21:00:00.000000+0000,2024-11-22T21:00:00.000000+0000,71.198815,71.478124,70.584121,70.862109,192741.119,2024-11-22
ALFA,2024-11-25T14:30:00.000000+0000,2024-11-25T21:00:00.000000+0000,2024-11-25T21:00:00.000000+0000,70.875942,70.951033,70.131022,70.205403,150333.157,2024-11-25
ALFA,2024-11-26T14:30:00.000000+0000,2024-11-26T21:00:00.000000+0000,2024-11-26T21:00:00.000000+0000,70.215692,70.358758,68.915958,69.056662,160551.391,2024-11-26
ALFA,2024-11-27T14:30:00.000000+0000,2024-11-27T21:00:00.000000+0000,2024-11-27T21:00:00.000000+0000,69.052404,69.175706,68.623485,68.74624,131098.364,2024-11-27
ALFA,2024-11-29T14:30:00.000000+0000,2024-11-29T18:00:00.000000+0000,2024-11-29T18:00:00.000000+0000,68.675224,68.875386,68.422357,68.622365,132554.592,2024-11-29
ALFA,2024-12-02T14:30:00.000000+0000,2024-12-02T21:00:00.000000+0000,2024-12-02T21:00:00.000000+0000,68.59635,68.768542,68.515389,68.687474,165496.043,2024-12-02
ALFA,2024-12-03T14:30:00.000000+0000,2024-12-03T21:00:00.000000+0000,2024-12-03T21:00:00.000000+0000,68.634086,68.872753,68.232133,68.470231,175604.129,2024-12-03
ALFA,2024-12-04T14:30:00.000000+0000,2024-12-04T21:00:00.000000+0000,2024-12-04T21:00:00.000000+0000,68.290592,68.473012,68.097759,68.280151,144900.448,2024-12-04
ALFA,2024-12-05T14:30:00.000000+0000,2024-12-05T21:00:00.000000+0000,2024-12-05T21:00:00.000000+0000,68.201356,68.359162,67.649119,67.80601,151181.728,2024-12-05
ALFA,2024-12-06T14:30:00.000000+0000,2024-12-06T21:00:00.000000+0000,2024-12-06T21:00:00.000000+0000,67.927092,68.106491,67.843848,68.02313,148324.544,2024-12-06
ALFA,2024-12-09T14:30:00.000000+0000,2024-12-09T21:00:00.000000+0000,2024-12-09T21:00:00.000000+0000,67.933833,68.906149,67.836391,68.807454,191928.605,2024-12-09
ALFA,2024-12-10T14:30:00.000000+0000,2024-12-10T21:00:00.000000+0000,2024-12-10T21:00:00.000000+0000,68.893986,69.149578,67.676858,67.92887,228695.483,2024-12-10
ALFA,2024-12-11T14:30:00.000000+0000,2024-12-11T21:00:00.000000+0000,2024-12-11T21:00:00.000000+0000,67.788839,67.92919,67.12571,67.264976,136430.411,2024-12-11
ALFA,2024-12-12T14:30:00.000000+0000,2024-12-12T21:00:00.000000+0000,2024-12-12T21:00:00.000000+0000,67.160365,67.643436,67.068361,67.550897,138888.505,2024-12-12
ALFA,2024-12-13T14:30:00.000000+0000,2024-12-13T21:00:00.000000+0000,2024-12-13T21:00:00.000000+0000,67.408785,67.533877,66.775325,66.899472,135603.74,2024-12-13
ALFA,2024-12-16T14:30:00.000000+0000,2024-12-16T21:00:00.000000+0000,2024-12-16T21:00:00.000000+0000,67.012147,67.748052,66.939624,67.674811,248062.335,2024-12-16
ALFA,2024-12-17T14:30:00.000000+0000,2024-12-17T21:00:00.000000+0000,2024-12-17T21:00:00.000000+0000,67.613716,67.854871,67.473619,67.714565,134013.902,2024-12-17
ALFA,2024-12-18T14:30:00.000000+0000,2024-12-18T21:00:00.000000+0000,2024-12-18T21:00:00.000000+0000,67.94562,68.682138,67.733663,68.468551,170167.305,2024-12-18
ALFA,2024-12-19T14:30:00.000000+0000,2024-12-19T21:00:00.000000+0000,2024-12-19T21:00:00.000000+0000,68.284123,68.435077,67.561244,67.71093,137555.857,2024-12-19
ALFA,2024-12-20T14:30:00.000000+0000,2024-12-20T21:00:00.000000+0000,2024-12-20T21:00:00.000000+0000,67.908965,68.323275,67.718195,68.131879,165101.523,2024-12-20
ALFA,2024-12-23T14:30:00.000000+0000,2024-12-23T21:00:00.000000+0000,2024-12-23T21:00:00.000000+0000,67.799889,68.079868,67.730965,68.01073,180441.909,2024-12-23
ALFA,2024-12-24T14:30:00.000000+0000,2024-12-24T18:00:00.000000+0000,2024-12-24T18:00:00.000000+0000,68.175708,68.387678,67.538025,67.748667,128180.929,2024-12-24
ALFA,2024-12-26T14:30:00.000000+0000,2024-12-26T21:00:00.000000+0000,2024-12-26T21:00:00.000000+0000,67.789526,67.993947,67.021226,67.22394,126912.058,2024-12-26
ALFA,2024-12-27T14:30:00.000000+0000,2024-12-27T21:00:00.000000+0000,2024-12-27T21:00:00.000000+0000,67.222878,67.732545,67.070023,67.578881,155575.327,2024-12-27
ALFA,2024-12-30T14:30:00.000000+0000,2024-12-30T21:00:00.000000+0000,2024-12-30T21:00:00.000000+0000,67.328547,67.441275,66.848881,66.960994,154957.193,2024-12-30
ALFA,2024-12-31T14:30:00.000000+0000,2024-12-31T21:00:00.000000+0000,2024-12-31T21:00:00.000000+0000,66.941164,67.037327,66.402233,66.497759,152290.959,2024-12-31
BRAV,2023-07-28T13:30:00.000000+0000,2023-07-28T20:00:00.000000+0000,2023-07-28T20:00:00.000000+0000,94.900908,95.128847,94.800688,95.028493,197832.057,2023-07-28
BRAV,2023-07-31T13:30:00.000000+0000,2023-07-31T20:00:00.000000+0000,2023-07-31T20:00:00.000000+0000,95.148879,95.396741,94.690603,94.937915,196237.652,2023-07-31
BRAV,2023-08-01T13:30:00.000000+0000,2023-08-01T20:00:00.000000+0000,2023-08-01T20:00:00.000000+0000,95.471969,95.68076,95.444209,95.652947,145691.043,2023-08-01
BRAV,2023-08-02T13:30:00.000000+0000,2023-08-02T20:00:00.000000+0000,2023-08-02T20:00:00.000000+0000,95.535069,95.853057,95.425282,95.743031,138463.567,2023-08-02
BRAV,2023-08-03T13:30:00.000000+0000,2023-08-03T20:00:00.000000+0000,2023-08-03T20:00:00.000000+0000,95.685652,95.760611,94.779754,94.854063,171143.276,2023-08-03
BRAV,2023-08-04T13:30:00.000000+0000,2023-08-04T20:00:00.000000+0000,2023-08-04T20:00:00.000000+0000,94.86387,95.09923,92.957753,93.188958,175634.299,2023-08-04
BRAV,2023-08-07T13:30:00.000000+0000,2023-08-07T20:00:00.000000+0000,2023-08-07T20:00:00.000000+0000,93.301345,93.789151,93.149582,93.636842,223724.69,2023-08-07
BRAV,2023-08-08T13:30:00.000000+0000,2023-08-08T20:00:00.000000+0000,2023-08-08T20:00:00.000000+0000,93.680745,93.693627,93.536601,93.549466,140034.435,2023-08-08
BRAV,2023-08-09T13:30:00.000000+0000,2023-08-09T20:00:00.000000+0000,2023-08-09T20:00:00.000000+0000,93.22382,93.437807,93.035756,93.249691,159808.135,2023-08-09
BRAV,2023-08-10T13:30:00.000000+0000,2023-08-10T20:00:00.000000+0000,2023-08-10T20:00:00.000000+0000,93.16233,93.703407,92.788662,93.329071,176724.523,2023-08-10
BRAV,2023-08-11T13:30:00.000000+0000,2023-08-11T20:00:00.000000+0000,2023-08-11T20:00:00.000000+0000,93.464603,93.56451,92.676059,92.775229,140102.316,2023-08-11
BRAV,2023-08-14T13:30:00.000000+0000,2023-08-14T20:00:00.000000+0000,2023-08-14T20:00:00.000000+0000,92.782058,92.983674,91.840761,92.040766,123198.637,2023-08-14
BRAV,2023-08-15T13:30:00.000000+0000,2023-08-15T20:00:00.000000+0000,2023-08-15T20:00:00.000000+0000,92.007575,92.384625,91.822265,92.19893,157586.158,2023-08-15
BRAV,2023-08-16T13:30:00.000000+0000,2023-08-16T20:00:00.000000+0000,2023-08-16T20:00:00.000000+0000,92.048942,92.689284,91.914508,92.554112,158493.858,2023-08-16
BRAV,2023-08-17T13:30:00.000000+0000,2023-08-17T20:00:00.000000+0000,2023-08-17T20:00:00.000000+0000,92.57092,93.126226,92.329792,92.884282,191401.469,2023-08-17
BRAV,2023-08-18T13:30:00.000000+0000,2023-08-18T20:00:00.000000+0000,2023-08-18T20:00:00.000000+0000,92.829602,92.972916,92.058118,92.200461,173797.89,2023-08-18
BRAV,2023-08-21T13:30:00.000000+0000,2023-08-21T20:00:00.000000+0000,2023-08-21T20:00:00.000000+0000,92.313102,93.000938,92.168558,92.855545,183241.278,2023-08-21
BRAV,2023-08-22T13:30:00.000000+0000,2023-08-22T20:00:00.000000+0000,2023-08-22T20:00:00.000000+0000,93.037465,93.447625,92.731215,93.141034,212510.81,2023-08-22
BRAV,2023-08-23T13:30:00.000000+0000,2023-08-23T20:00:00.000000+0000,2023-08-23T20:00:00.000000+0000,92.979636,93.841459,92.792385,93.652851,163030.349,2023-08-23
BRAV,2023-08-24T13:30:00.000000+0000,2023-08-24T20:00:00.000000+0000,2023-08-24T20:00:00.000000+0000,93.634481,93.760957,93.350481,93.476743,130244.105,2023-08-24
BRAV,2023-08-25T13:30:00.000000+0000,2023-08-25T20:00:00.000000+0000,2023-08-25T20:00:00.000000+0000,93.49407,93.609222,92.126383,92.23999,164867.767,2023-08-25
BRAV,2023-08-28T13:30:00.000000+0000,2023-08-28T20:00:00.000000+0000,2023-08-28T20:00:00.000000+0000,92.093505,92.311639,92.010589,92.228602,168576.47,2023-08-28
BRAV,2023-08-29T13:30:00.000000+0000,2023-08-29T20:00:00.000000+0000,2023-08-29T20:00:00.000000+0000,92.25644,93.726289,92.018485,93.485164,225907.198,2023-08-29
BRAV,2023-08-30T13:30:00.000000+0000,2023-08-30T20:00:00.000000+0000,2023-08-30T20:00:00.000000+0000,93.537009,94.073795,93.304562,93.840594,138464.022,2023-08-30
BRAV,2023-08-31T13:30:00.000000+0000,2023-08-31T20:00:00.000000+0000,2023-08-31T20:00:00.000000+0000,93.599065,93.934415,92.590927,92.923858,141701.503,2023-08-31
BRAV,2023-09-01T13:30:00.000000+0000,2023-09-01T20:00:00.000000+0000,2023-09-01T20:00:00.000000+0000,92.729843,93.141404,92.548009,92.95912,160567.732,2023-09-01
BRAV,2023-09-05T13:30:00.000000+0000,2023-09-05T20:00:00.000000+0000,2023-09-05T20:00:00.000000+0000,92.791328,93.677167,92.634044,93.51865,195713.348,2023-09-05
BRAV,2023-09-06T13:30:00.000000+0000,2023-09-06T20:00:00.000000+0000,2023-09-06T20:00:00.000000+0000,93.367899,94.473391,93.311288,94.416144,187472.799,2023-09-06
BRAV,2023-09-07T13:30:00.000000+0000,2023-09-07T20:00:00.000000+0000,2023-09-07T20:00:00.000000+0000,94.509105,94.639479,94.080915,94.210878,128370.379,2023-09-07
BRAV,2023-09-08T13:30:00.000000+0000,2023-09-08T20:00:00.000000+0000,2023-09-08T20:00:00.000000+0000,94.070574,94.331726,93.887579,94.148579,193852.107,2023-09-08
BRAV,2023-09-11T13:30:00.000000+0000,2023-09-11T20:00:00.000000+0000,2023-09-11T20:00:00.000000+0000,93.953393,95.534397,93.773428,95.351753,180100.751,2023-09-11
BRAV,2023-09-12T13:30:00.000000+0000,2023-09-12T20:00:00.000000+0000,2023-09-12T20:00:00.000000+0000,94.897637,95.185536,94.469116,94.756587,136302.562,2023-09-12
BRAV,2023-09-13T13:30:00.000000+0000,2023-09-13T20:00:00.000000+0000,2023-09-13T20:00:00.000000+0000,94.819505,95.032534,93.750974,93.962077,191508.593,2023-09-13
BRAV,2023-09-14T13:30:00.000000+0000,2023-09-14T20:00:00.000000+0000,2023-09-14T20:00:00.000000+0000,94.065609,94.1011,93.90803,93.943474,144680.496,2023-09-14
BRAV,2023-09-15T13:30:00.000000+0000,2023-09-15T20:00:00.000000+0000,2023-09-15T20:00:00.000000+0000,93.969441,94.755543,93.799824,94.584816,174842.633,2023-09-15
BRAV,2023-09-18T13:30:00.000000+0000,2023-09-18T20:00:00.000000+0000,2023-09-18T20:00:00.000000+0000,94.73414,95.557486,94.48703,95.308877,157606.825,2023-09-18
BRAV,2023-09-19T13:30:00.000000+0000,2023-09-19T20:00:00.000000+0000,2023-09-19T20:00:00.000000+0000,94.956932,95.188291,94.81027,95.041497,173243.816,2023-09-19
BRAV,2023-09-20T13:30:00.000000+0000,2023-09-20T20:00:00.000000+0000,2023-09-20T20:00:00.000000+0000,94.834222,95.083757,94.067783,94.315954,186513.517,2023-09-20
BRAV,2023-09-21T13:30:00.000000+0000,2023-09-21T20:00:00.000000+0000,2023-09-21T20:00:00.000000+0000,94.339885,94.915481,94.239528,94.814619,134361.169,2023-09-21
BRAV,2023-09-22T13:30:00.000000+0000,2023-09-22T20:00:00.000000+0000,2023-09-22T20:00:00.000000+0000,95.172296,95.310625,94.828569,94.966599,120858.838,2023-09-22
BRAV,2023-09-25T13:30:00.000000+0000,2023-09-25T20:00:00.000000+0000,2023-09-25T20:00:00.000000+0000,95.201214,95.408503,95.00954,95.216798,192094.184,2023-09-25
BRAV,2023-09-26T13:30:00.000000+0000,2023-09-26T20:00:00.000000+0000,2023-09-26T20:00:00.000000+0000,95.26954,95.770513,95.035314,95.535633,171862.735,2023-09-26
BRAV,2023-09-27T13:30:00.000000+0000,2023-09-27T20:00:00.000000+0000,2023-09-27T20:00:00.000000+0000,95.668903,96.289422,95.259686,95.879305,188273.496,2023-09-27
BRAV,2023-09-28T13:30:00.000000+0000,2023-09-28T20:00:00.000000+0000,2023-09-28T20:00:00.000000+0000,95.576261,95.810104,94.603528,94.835558,193149.951,2023-09-28
BRAV,2023-09-29T13:30:00.000000+0000,2023-09-29T20:00:00.000000+0000,2023-09-29T20:00:00.000000+0000,95.063676,95.213249,94.23246,94.380958,193830.95,2023-09-29
BRAV,2023-10-02T13:30:00.000000+0000,2023-10-02T20:00:00.000000+0000,2023-10-02T20:00:00.000000+0000,94.556081,94.98844,93.083027,93.510606,145437.212,2023-10-02
BRAV,2023-10-03T13:30:00.000000+0000,2023-10-03T20:00:00.000000+0000,2023-10-03T20:00:00.000000+0000,93.415711,93.994938,93.257476,93.835991,151216.321,2023-10-03
BRAV,2023-10-04T13:30:00.000000+0000,2023-10-04T20:00:00.000000+0000,2023-10-04T20:00:00.000000+0000,93.668959,93.740398,93.081182,93.152227,152480.97,2023-10-04
BRAV,2023-10-05T13:30:00.000000+0000,2023-10-05T20:00:00.000000+0000,2023-10-05T20:00:00.000000+0000,93.22104,93.461539,93.080577,93.320925,217576.802,2023-10-05
BRAV,2023-10-06T13:30:00.000000+0000,2023-10-06T20:00:00.000000+0000,2023-10-06T20:00:00.000000+0000,93.323422,94.04371,93.016292,93.735225,169263.688,2023-10-06
BRAV,2023-10-09T13:30:00.000000+0000,2023-10-09T20:00:00.000000+0000,2023-10-09T20:00:00.000000+0000,93.890152,94.10415,93.456813,93.67031,199849.067,2023-10-09
BRAV,2023-10-10T13:30:00.000000+0000,2023-10-10T20:00:00.000000+0000,2023-10-10T20:00:00.000000+0000,93.68079,94.340801,93.446951,94.105901,171948.439,2023-10-10
BRAV,2023-10-11T13:30:00.000000+0000,2023-10-11T20:00:00.000000+0000,2023-10-11T20:00:00.000000+0000,94.051643,94.277835,93.011948,93.23618,227557.433,2023-10-11
BRAV,2023-10-12T13:30:00.000000+0000,2023-10-12T20:00:00.000000+0000,2023-10-12T20:00:00.000000+0000,93.185758,93.655793,92.960298,93.429743,196548.961,2023-10-12
BRAV,2023-10-13T13:30:00.000000+0000,2023-10-13T20:00:00.000000+0000,2023-10-13T20:00:00.000000+0000,93.64281,93.898093,93.454427,93.709575,113833.45,2023-10-13
BRAV,2023-10-16T13:30:00.000000+0000,2023-10-16T20:00:00.000000+0000,2023-10-16T20:00:00.000000+0000,93.806415,93.827004,93.120115,93.140557,202904.476,2023-10-16
BRAV,2023-10-17T13:30:00.000000+0000,2023-10-17T20:00:00.000000+0000,2023-10-17T20:00:00.000000+0000,93.172127,93.451613,92.687107,92.965975,142156.427,2023-10-17
BRAV,2023-10-18T13:30:00.000000+0000,2023-10-18T20:00:00.000000+0000,2023-10-18T20:00:00.000000+0000,92.677314,94.146211,92.467794,93.93385,161936.487,2023-10-18
BRAV,2023-10-19T13:30:00.000000+0000,2023-10-19T20:00:00.000000+0000,2023-10-19T20:00:00.000000+0000,93.841505,94.037133,93.488952,93.684252,246499.534,2023-10-19
BRAV,2023-10-20T13:30:00.000000+0000,2023-10-20T20:00:00.000000+0000,2023-10-20T20:00:00.000000+0000,93.840616,94.126783,93.21634,93.501473,184718.908,2023-10-20
BRAV,2023-10-23T13:30:00.000000+0000,2023-10-23T20:00:00.000000+0000,2023-10-23T20:00:00.000000+0000,93.778137,93.947868,93.231718,93.400767,119585.372,2023-10-23
BRAV,2023-10-24T13:30:00.000000+0000,2023-10-24T20:00:00.000000+0000,2023-10-24T20:00:00.000000+0000,93.365539,93.628058,92.358651,92.619071,140720.36,2023-10-24
BRAV,2023-10-25T13:30:00.000000+0000,2023-10-25T20:00:00.000000+0000,2023-10-25T20:00:00.000000+0000,92.586401,93.576779,92.465277,93.454519,203883.573,2023-10-25
BRAV,2023-10-26T13:30:00.000000+0000,2023-10-26T20:00:00.000000+0000,2023-10-26T20:00:00.000000+0000,93.594599,94.694717,93.346429,94.444294,178660.064,2023-10-26
BRAV,2023-10-27T13:30:00.000000+0000,2023-10-27T20:00:00.000000+0000,2023-10-27T20:00:00.000000+0000,94.437258,95.14387,94.229727,94.935244,136246.676,2023-10-27
BRAV,2023-10-30T13:30:00.000000+0000,2023-10-30T20:00:00.000000+0000,2023-10-30T20:00:00.000000+0000,94.520104,95.184771,94.316878,94.980555,170859.787,2023-10-30
BRAV,2023-10-31T13:30:00.000000+0000,2023-10-31T20:00:00.000000+0000,2023-10-31T20:00:00.000000+0000,95.210268,95.550296,94.603838,94.942911,205972.877,2023-10-31
BRAV,2023-11-01T13:30:00.000000+0000,2023-11-01T20:00:00.000000+0000,2023-11-01T20:00:00.000000+0000,94.7534,95.096676,94.597272,94.94024,174914.077,2023-11-01
BRAV,2023-11-02T13:30:00.000000+0000,2023-11-02T20:00:00.000000+0000,2023-11-02T20:00:00.000000+0000,95.420999,95.945884,95.088925,95.61314,192511.193,2023-11-02
BRAV,2023-11-03T13:30:00.000000+0000,2023-11-03T20:00:00.000000+0000,2023-11-03T20:00:00.000000+0000,95.538985,95.70452,95.432287,95.597757,183200.449,2023-11-03
BRAV,2023-11-06T14:30:00.000000+0000,2023-11-06T21:00:00.000000+0000,2023-11-06T21:00:00.000000+0000,95.387315,95.555346,95.145805,95.313706,159976.676,2023-11-06
BRAV,2023-11-07T14:30:00.000000+0000,2023-11-07T21:00:00.000000+0000,2023-11-07T21:00:00.000000+0000,95.617359,95.774678,94.630433,94.786385,112883.609,2023-11-07
BRAV,2023-11-08T14:30:00.000000+0000,2023-11-08T21:00:00.000000+0000,2023-11-08T21:00:00.000000+0000,94.882014,95.005453,94.001403,94.123856,163798.887,2023-11-08
BRAV,2023-11-09T14:30:00.000000+0000,2023-11-09T21:00:00.000000+0000,2023-11-09T21:00:00.000000+0000,94.107535,94.269992,93.50731,93.66901,183239.824,2023-11-09
BRAV,2023-11-10T14:30:00.000000+0000,2023-11-10T21:00:00.000000+0000,2023-11-10T21:00:00.000000+0000,93.381846,93.52033,92.722767,92.860477,180341.163,2023-11-10
BRAV,2023-11-13T14:30:00.000000+0000,2023-11-13T21:00:00.000000+0000,2023-11-13T21:00:00.000000+0000,92.746429,92.782711,92.01148,92.047488,179922.827,2023-11-13
BRAV,2023-11-14T14:30:00.000000+0000,2023-11-14T21:00:00.000000+0000,2023-11-14T21:00:00.000000+0000,92.254244,92.660896,92.073887,92.480097,121281.936,2023-11-14
BRAV,2023-11-15T14:30:00.000000+0000,2023-11-15T21:00:00.000000+0000,2023-11-15T21:00:00.000000+0000,92.610674,93.729279,92.579176,93.697411,170470.901,2023-11-15
BRAV,2023-11-16T14:30:00.000000+0000,2023-11-16T21:00:00.000000+0000,2023-11-16T21:00:00.000000+0000,93.531105,94.702562,93.452524,94.623063,152316.138,2023-11-16
BRAV,2023-11-17T14:30:00.000000+0000,2023-11-17T21:00:00.000000+0000,2023-11-17T21:00:00.000000+0000,94.588375,94.716617,93.409606,93.536422,177780.601,2023-11-17
BRAV,2023-11-20T14:30:00.000000+0000,2023-11-20T21:00:00.000000+0000,2023-11-20T21:00:00.000000+0000,93.452975,94.355889,93.174467,94.075526,169765.945,2023-11-20
BRAV,2023-11-21T14:30:00.000000+0000,2023-11-21T21:00:00.000000+0000,2023-11-21T21:00:00.000000+0000,93.94428,94.565783,93.837741,94.458662,127118.57,2023-11-21
BRAV,2023-11-22T14:30:00.000000+0000,2023-11-22T21:00:00.000000+0000,2023-11-22T21:00:00.000000+0000,94.513586,94.6691,93.946339,94.101174,114024.734,2023-11-22
BRAV,2023-11-24T14:30:00.000000+0000,2023-11-24T18:00:00.000000+0000,2023-11-24T18:00:00.000000+0000,94.000352,94.103655,93.793418,93.896607,206148.413,2023-11-24
BRAV,2023-11-27T14:30:00.000000+0000,2023-11-27T21:00:00.000000+0000,2023-11-27T21:00:00.000000+0000,93.576837,93.629114,91.872226,91.923579,192239.15,2023-11-27
BRAV,2023-11-28T14:30:00.000000+0000,2023-11-28T21:00:00.000000+0000,2023-11-28T21:00:00.000000+0000,92.173016,92.663191,92.057337,92.547043,148032.5,2023-11-28
BRAV,2023-11-29T14:30:00.000000+0000,2023-11-29T21:00:00.000000+0000,2023-11-29T21:00:00.000000+0000,92.661105,92.691414,91.842091,91.872143,123108.449,2023-11-29
BRAV,2023-11-30T14:30:00.000000+0000,2023-11-30T21:00:00.000000+0000,2023-11-30T21:00:00.000000+0000,91.82056,92.27347,91.494607,91.947068,152457.399,2023-11-30
BRAV,2023-12-01T14:30:00.000000+0000,2023-12-01T21:00:00.000000+0000,2023-12-01T21:00:00.000000+0000,91.96563,92.253831,91.041221,91.327422,223246.698,2023-12-01
BRAV,2023-12-04T14:30:00.000000+0000,2023-12-04T21:00:00.000000+0000,2023-12-04T21:00:00.000000+0000,91.222058,91.907556,91.04115,91.725649,213909.495,2023-12-04
BRAV,2023-12-05T14:30:00.000000+0000,2023-12-05T21:00:00.000000+0000,2023-12-05T21:00:00.000000+0000,91.4464,92.591048,91.169539,92.311567,139700.017,2023-12-05
BRAV,2023-12-06T14:30:00.000000+0000,2023-12-06T21:00:00.000000+0000,2023-12-06T21:00:00.000000+0000,92.330486,92.492746,91.70261,91.86405,140969.419,2023-12-06
BRAV,2023-12-07T14:30:00.000000+0000,2023-12-07T21:00:00.000000+0000,2023-12-07T21:00:00.000000+0000,91.683427,91.892136,90.675835,90.882722,188967.609,2023-12-07
BRAV,2023-12-08T14:30:00.000000+0000,2023-12-08T21:00:00.000000+0000,2023-12-08T21:00:00.000000+0000,90.85914,91.047229,89.474304,89.65991,177313.762,2023-12-08
BRAV,2023-12-11T14:30:00.000000+0000,2023-12-11T21:00:00.000000+0000,2023-12-11T21:00:00.000000+0000,89.485679,89.730843,88.385798,88.628614,184038.723,2023-12-11
BRAV,2023-12-12T14:30:00.000000+0000,2023-12-12T21:00:00.000000+0000,2023-12-12T21:00:00.000000+0000,89.090125,89.234798,88.027917,88.171098,151947.103,2023-12-12
BRAV,2023-12-13T14:30:00.000000+0000,2023-12-13T21:00:00.000000+0000,2023-12-13T21:00:00.000000+0000,88.306699,88.555645,86.689769,86.934848,150202.089,2023-12-13
BRAV,2023-12-14T14:30:00.000000+0000,2023-12-14T21:00:00.000000+0000,2023-12-14T21:00:00.000000+0000,86.86475,87.085485,86.475175,86.695479,143754.515,2023-12-14
BRAV,2023-12-15T14:30:00.000000+0000,2023-12-15T21:00:00.000000+0000,2023-12-15T21:00:00.000000+0000,86.624296,86.805306,86.386156,86.567046,188978.929,2023-12-15
BRAV,2023-12-18T14:30:00.000000+0000,2023-12-18T21:00:00.000000+0000,2023-12-18T21:00:00.000000+0000,86.462369,86.475997,85.525407,85.538889,122089.588,2023-12-18
BRAV,2023-12-19T14:30:00.000000+0000,2023-12-19T21:00:00.000000+0000,2023-12-19T21:00:00.000000+0000,85.323431,85.382034,84.836576,84.894885,159023.678,2023-12-19
BRAV,2023-12-20T14:30:00.000000+0000,2023-12-20T21:00:00.000000+0000,2023-12-20T21:00:00.000000+0000,84.693025,85.887023,84.583157,85.775751,144912.75,2023-12-20
BRAV,2023-12-21T14:30:00.000000+0000,2023-12-21T21:00:00.000000+0000,2023-12-21T21:00:00.000000+0000,85.700181,86.15926,85.415442,85.873943,179744.583,2023-12-21
BRAV,2023-12-22T14:30:00.000000+0000,2023-12-22T21:00:00.000000+0000,2023-12-22T21:00:00.000000+0000,85.876713,86.256574,85.744551,86.124031,152514.523,2023-12-22
BRAV,2023-12-26T14:30:00.000000+0000,2023-12-26T21:00:00.000000+0000,2023-12-26T21:00:00.000000+0000,86.180485,86.40319,85.902188,86.124749,142039.061,2023-12-26
BRAV,2023-12-27T14:30:00.000000+0000,2023-12-27T21:00:00.000000+0000,2023-12-27T21:00:00.000000+0000,86.131033,86.133756,85.453789,85.456491,168006.352,2023-12-27
BRAV,2023-12-28T14:30:00.000000+0000,2023-12-28T21:00:00.000000+0000,2023-12-28T21:00:00.000000+0000,85.586753,85.733956,85.076783,85.223361,213732.187,2023-12-28
BRAV,2023-12-29T14:30:00.000000+0000,2023-12-29T21:00:00.000000+0000,2023-12-29T21:00:00.000000+0000,85.073157,85.261802,84.831593,85.02012,161882.54,2023-12-29
BRAV,2024-01-02T14:30:00.000000+0000,2024-01-02T21:00:00.000000+0000,2024-01-02T21:00:00.000000+0000,85.003066,85.277001,84.842777,85.116499,165390.687,2024-01-02
BRAV,2024-01-03T14:30:00.000000+0000,2024-01-03T21:00:00.000000+0000,2024-01-03T21:00:00.000000+0000,85.260849,85.548838,84.500549,84.786936,162699.865,2024-01-03
BRAV,2024-01-04T14:30:00.000000+0000,2024-01-04T21:00:00.000000+0000,2024-01-04T21:00:00.000000+0000,84.925193,85.035445,84.604822,84.714802,182570.799,2024-01-04
BRAV,2024-01-05T14:30:00.000000+0000,2024-01-05T21:00:00.000000+0000,2024-01-05T21:00:00.000000+0000,84.585698,85.213668,84.324272,84.951113,226748.359,2024-01-05
BRAV,2024-01-08T14:30:00.000000+0000,2024-01-08T21:00:00.000000+0000,2024-01-08T21:00:00.000000+0000,84.93037,84.995927,84.914018,84.979565,149909.8,2024-01-08
BRAV,2024-01-09T14:30:00.000000+0000,2024-01-09T21:00:00.000000+0000,2024-01-09T21:00:00.000000+0000,85.188933,85.406427,82.904591,83.116795,168946.443,2024-01-09
BRAV,2024-01-10T14:30:00.000000+0000,2024-01-10T21:00:00.000000+0000,2024-01-10T21:00:00.000000+0000,83.284469,84.126593,83.077553,83.918102,195371.622,2024-01-10
BRAV,2024-01-11T14:30:00.000000+0000,2024-01-11T21:00:00.000000+0000,2024-01-11T21:00:00.000000+0000,84.072415,84.368492,82.04155,82.331497,171754.157,2024-01-11
BRAV,2024-01-12T14:30:00.000000+0000,2024-01-12T21:00:00.000000+0000,2024-01-12T21:00:00.000000+0000,82.48056,82.620189,82.138417,82.277703,148714.089,2024-01-12
BRAV,2024-01-16T14:30:00.000000+0000,2024-01-16T21:00:00.000000+0000,2024-01-16T21:00:00.000000+0000,82.558561,83.269168,82.375594,83.085035,183639.906,2024-01-16
BRAV,2024-01-17T14:30:00.000000+0000,2024-01-17T21:00:00.000000+0000,2024-01-17T21:00:00.000000+0000,83.105597,83.714482,82.988128,83.59632,163023.14,2024-01-17
BRAV,2024-01-18T14:30:00.000000+0000,2024-01-18T21:00:00.000000+0000,2024-01-18T21:00:00.000000+0000,83.836408,84.05063,82.800512,83.012629,125904.508,2024-01-18
BRAV,2024-01-19T14:30:00.000000+0000,2024-01-19T21:00:00.000000+0000,2024-01-19T21:00:00.000000+0000,82.976893,83.290736,81.724394,82.034673,157618.127,2024-01-19
BRAV,2024-01-22T14:30:00.000000+0000,2024-01-22T21:00:00.000000+0000,2024-01-22T21:00:00.000000+0000,81.73927,82.643536,81.421055,82.323048,180296.659,2024-01-22
BRAV,2024-01-23T14:30:00.000000+0000,2024-01-23T21:00:00.000000+0000,2024-01-23T21:00:00.000000+0000,82.311521,82.445572,81.326683,81.459346,191444.416,2024-01-23
BRAV,2024-01-24T14:30:00.000000+0000,2024-01-24T21:00:00.000000+0000,2024-01-24T21:00:00.000000+0000,81.371047,82.722502,81.11487,82.462888,176544.684,2024-01-24
BRAV,2024-01-25T14:30:00.000000+0000,2024-01-25T21:00:00.000000+0000,2024-01-25T21:00:00.000000+0000,82.503242,82.994267,82.32623,82.816583,158538.825,2024-01-25
BRAV,2024-01-26T14:30:00.000000+0000,2024-01-26T21:00:00.000000+0000,2024-01-26T21:00:00.000000+0000,82.989775,83.08394,82.454491,82.548154,127607.092,2024-01-26
BRAV,2024-01-29T14:30:00.000000+0000,2024-01-29T21:00:00.000000+0000,2024-01-29T21:00:00.000000+0000,82.649596,83.169131,82.432125,82.950867,174911.633,2024-01-29
BRAV,2024-01-30T14:30:00.000000+0000,2024-01-30T21:00:00.000000+0000,2024-01-30T21:00:00.000000+0000,83.01851,83.157937,81.910277,82.048073,183161.289,2024-01-30
BRAV,2024-01-31T14:30:00.000000+0000,2024-01-31T21:00:00.000000+0000,2024-01-31T21:00:00.000000+0000,82.040597,82.349302,81.916479,82.224905,155315.887,2024-01-31
BRAV,2024-02-01T14:30:00.000000+0000,2024-02-01T21:00:00.000000+0000,2024-02-01T21:00:00.000000+0000,82.557199,82.584611,82.535319,82.56273,175425.234,2024-02-01
BRAV,2024-02-02T14:30:00.000000+0000,2024-02-02T21:00:00.000000+0000,2024-02-02T21:00:00.000000+0000,82.285466,82.441131,81.138819,81.292606,152505.49,2024-02-02
BRAV,2024-02-05T14:30:00.000000+0000,2024-02-05T21:00:00.000000+0000,2024-02-05T21:00:00.000000+0000,80.953611,81.147012,80.040665,80.232343,153736.333,2024-02-05
BRAV,2024-02-06T14:30:00.000000+0000,2024-02-06T21:00:00.000000+0000,2024-02-06T21:00:00.000000+0000,79.895494,80.122363,79.508461,79.734873,201844.106,2024-02-06
BRAV,2024-02-07T14:30:00.000000+0000,2024-02-07T21:00:00.000000+0000,2024-02-07T21:00:00.000000+0000,79.972503,80.707404,79.783851,80.517467,163883.112,2024-02-07
BRAV,2024-02-08T14:30:00.000000+0000,2024-02-08T21:00:00.000000+0000,2024-02-08T21:00:00.000000+0000,80.731346,81.02863,79.224297,79.517109,192920.855,2024-02-08
BRAV,2024-02-09T14:30:00.000000+0000,2024-02-09T21:00:00.000000+0000,2024-02-09T21:00:00.000000+0000,79.367373,79.929505,79.192658,79.753939,173846.399,2024-02-09
BRAV,2024-02-12T14:30:00.000000+0000,2024-02-12T21:00:00.000000+0000,2024-02-12T21:00:00.000000+0000,79.465291,79.775045,79.269062,79.578537,228879.003,2024-02-12
BRAV,2024-02-13T14:30:00.000000+0000,2024-02-13T21:00:00.000000+0000,2024-02-13T21:00:00.000000+0000,79.680387,79.95715,79.179023,79.455003,167282.154,2024-02-13
BRAV,2024-02-14T14:30:00.000000+0000,2024-02-14T21:00:00.000000+0000,2024-02-14T21:00:00.000000+0000,79.443368,80.081725,79.254192,79.891481,144008.269,2024-02-14
BRAV,2024-02-15T14:30:00.000000+0000,2024-02-15T21:00:00.000000+0000,2024-02-15T21:00:00.000000+0000,79.737487,80.74166,79.47704,80.478792,199955.746,2024-02-15
BRAV,2024-02-16T14:30:00.000000+0000,2024-02-16T21:00:00.000000+0000,2024-02-16T21:00:00.000000+0000,80.319266,80.557654,79.637347,79.874414,160645.605,2024-02-16
BRAV,2024-02-20T14:30:00.000000+0000,2024-02-20T21:00:00.000000+0000,2024-02-20T21:00:00.000000+0000,79.928698,80.12534,79.408278,79.604122,188933.914,2024-02-20
BRAV,2024-02-21T14:30:00.000000+0000,2024-02-21T21:00:00.000000+0000,2024-02-21T21:00:00.000000+0000,79.617291,79.888799,77.958715,78.225476,170486.591,2024-02-21
BRAV,2024-02-22T14:30:00.000000+0000,2024-02-22T21:00:00.000000+0000,2024-02-22T21:00:00.000000+0000,78.323131,78.414513,77.318222,77.408537,224987.214,2024-02-22
BRAV,2024-02-23T14:30:00.000000+0000,2024-02-23T21:00:00.000000+0000,2024-02-23T21:00:00.000000+0000,77.481274,77.691481,76.802791,77.011724,127870.349,2024-02-23
BRAV,2024-02-26T14:30:00.000000+0000,2024-02-26T21:00:00.000000+0000,2024-02-26T21:00:00.000000+0000,76.885009,77.133953,75.663487,75.909272,169911.615,2024-02-26
BRAV,2024-02-27T14:30:00.000000+0000,2024-02-27T21:00:00.000000+0000,2024-02-27T21:00:00.000000+0000,75.618725,75.848477,74.836295,75.064362,150006.301,2024-02-27
BRAV,2024-02-28T14:30:00.000000+0000,2024-02-28T21:00:00.000000+0000,2024-02-28T21:00:00.000000+0000,75.276241,75.420182,74.680724,74.8238,167829.859,2024-02-28
BRAV,2024-02-29T14:30:00.000000+0000,2024-02-29T21:00:00.000000+0000,2024-02-29T21:00:00.000000+0000,75.000228,75.083622,74.917539,75.000933,140234.735,2024-02-29
BRAV,2024-03-01T14:30:00.000000+0000,2024-03-01T21:00:00.000000+0000,2024-03-01T21:00:00.000000+0000,74.971458,76.151749,74.759501,75.937061,133301.454,2024-03-01
BRAV,2024-03-04T14:30:00.000000+0000,2024-03-04T21:00:00.000000+0000,2024-03-04T21:00:00.000000+0000,75.68373,75.89744,75.447155,75.6608,148680.242,2024-03-04
BRAV,2024-03-05T14:30:00.000000+0000,2024-03-05T21:00:00.000000+0000,2024-03-05T21:00:00.000000+0000,75.601447,75.612273,75.335208,75.345997,146994.89,2024-03-05
BRAV,2024-03-06T14:30:00.000000+0000,2024-03-06T21:00:00.000000+0000,2024-03-06T21:00:00.000000+0000,75.344856,75.565645,73.728498,73.945185,144974.838,2024-03-06
BRAV,2024-03-07T14:30:00.000000+0000,2024-03-07T21:00:00.000000+0000,2024-03-07T21:00:00.000000+0000,74.190295,74.287888,73.637916,73.734911,146904.241,2024-03-07
BRAV,2024-03-08T14:30:00.000000+0000,2024-03-08T21:00:00.000000+0000,2024-03-08T21:00:00.000000+0000,73.961624,74.210703,73.798061,74.046951,149820.965,2024-03-08
BRAV,2024-03-11T13:30:00.000000+0000,2024-03-11T20:00:00.000000+0000,2024-03-11T20:00:00.000000+0000,74.023977,74.454812,73.775769,74.205994,202790.848,2024-03-11
BRAV,2024-03-12T13:30:00.000000+0000,2024-03-12T20:00:00.000000+0000,2024-03-12T20:00:00.000000+0000,74.084772,74.689554,73.939746,74.54363,164970.76,2024-03-12
BRAV,2024-03-13T13:30:00.000000+0000,2024-03-13T20:00:00.000000+0000,2024-03-13T20:00:00.000000+0000,74.396594,74.541245,74.075296,74.219603,162884.791,2024-03-13
BRAV,2024-03-14T13:30:00.000000+0000,2024-03-14T20:00:00.000000+0000,2024-03-14T20:00:00.000000+0000,74.388854,74.627451,73.854041,74.091685,154912.945,2024-03-14
BRAV,2024-03-15T13:30:00.000000+0000,2024-03-15T20:00:00.000000+0000,2024-03-15T20:00:00.000000+0000,74.05998,74.257298,73.191691,73.387216,149077.522,2024-03-15
BRAV,2024-03-18T13:30:00.000000+0000,2024-03-18T20:00:00.000000+0000,2024-03-18T20:00:00.000000+0000,73.473614,73.614102,73.074506,73.214499,140728.842,2024-03-18
BRAV,2024-03-19T13:30:00.000000+0000,2024-03-19T20:00:00.000000+0000,2024-03-19T20:00:00.000000+0000,73.07439,73.326282,72.297884,72.547961,158980.491,2024-03-19
BRAV,2024-03-20T13:30:00.000000+0000,2024-03-20T20:00:00.000000+0000,2024-03-20T20:00:00.000000+0000,72.785969,73.529158,72.677783,73.420029,170021.602,2024-03-20
BRAV,2024-03-21T13:30:00.000000+0000,2024-03-21T20:00:00.000000+0000,2024-03-21T20:00:00.000000+0000,73.77137,73.840908,73.315676,73.38485,122434.053,2024-03-21
BRAV,2024-03-22T13:30:00.000000+0000,2024-03-22T20:00:00.000000+0000,2024-03-22T20:00:00.000000+0000,73.573682,73.659998,73.468143,73.554437,162250.067,2024-03-22
BRAV,2024-03-25T13:30:00.000000+0000,2024-03-25T20:00:00.000000+0000,2024-03-25T20:00:00.000000+0000,73.468243,73.634881,73.206057,73.372478,141127.578,2024-03-25
BRAV,2024-03-26T13:30:00.000000+0000,2024-03-26T20:00:00.000000+0000,2024-03-26T20:00:00.000000+0000,73.346073,73.96852,73.166388,73.787754,139909.864,2024-03-26
BRAV,2024-03-27T13:30:00.000000+0000,2024-03-27T20:00:00.000000+0000,2024-03-27T20:00:00.000000+0000,73.684439,73.912203,73.562667,73.790256,131357.473,2024-03-27
BRAV,2024-03-28T13:30:00.000000+0000,2024-03-28T20:00:00.000000+0000,2024-03-28T20:00:00.000000+0000,73.727894,73.884108,73.335175,73.490887,153287.061,2024-03-28
BRAV,2024-04-01T13:30:00.000000+0000,2024-04-01T20:00:00.000000+0000,2024-04-01T20:00:00.000000+0000,73.451,73.942609,73.30556,73.796484,147508.117,2024-04-01
BRAV,2024-04-02T13:30:00.000000+0000,2024-04-02T20:00:00.000000+0000,2024-04-02T20:00:00.000000+0000,73.89848,74.152394,73.317733,73.57052,151803.612,2024-04-02
BRAV,2024-04-03T13:30:00.000000+0000,2024-04-03T20:00:00.000000+0000,2024-04-03T20:00:00.000000+0000,73.641912,73.802605,73.512274,73.672913,171926.631,2024-04-03
BRAV,2024-04-04T13:30:00.000000+0000,2024-04-04T20:00:00.000000+0000,2024-04-04T20:00:00.000000+0000,73.903624,74.089023,73.612382,73.797515,124740.121,2024-04-04
BRAV,2024-04-05T13:30:00.000000+0000,2024-04-05T20:00:00.000000+0000,2024-04-05T20:00:00.000000+0000,73.864522,74.430602,73.625728,74.190753,157433.838,2024-04-05
BRAV,2024-04-08T13:30:00.000000+0000,2024-04-08T20:00:00.000000+0000,2024-04-08T20:00:00.000000+0000,74.338487,74.435862,73.197561,73.293567,130244.551,2024-04-08
BRAV,2024-04-09T13:30:00.000000+0000,2024-04-09T20:00:00.000000+0000,2024-04-09T20:00:00.000000+0000,73.314261,73.740396,73.296407,73.722443,157005.222,2024-04-09
BRAV,2024-04-10T13:30:00.000000+0000,2024-04-10T20:00:00.000000+0000,2024-04-10T20:00:00.000000+0000,73.912181,73.918851,73.635062,73.641708,134332.786,2024-04-10
BRAV,2024-04-11T13:30:00.000000+0000,2024-04-11T20:00:00.000000+0000,2024-04-11T20:00:00.000000+0000,73.489706,73.793404,73.34738,73.650766,154066.943,2024-04-11
BRAV,2024-04-12T13:30:00.000000+0000,2024-04-12T20:00:00.000000+0000,2024-04-12T20:00:00.000000+0000,73.856861,74.741812,73.638662,74.521649,175306.464,2024-04-12
BRAV,2024-04-15T13:30:00.000000+0000,2024-04-15T20:00:00.000000+0000,2024-04-15T20:00:00.000000+0000,74.543355,75.052321,74.364955,74.873133,143014.692,2024-04-15
BRAV,2024-04-16T13:30:00.000000+0000,2024-04-16T20:00:00.000000+0000,2024-04-16T20:00:00.000000+0000,75.001497,75.624541,74.934899,75.55745,184481.884,2024-04-16
BRAV,2024-04-17T13:30:00.000000+0000,2024-04-17T20:00:00.000000+0000,2024-04-17T20:00:00.000000+0000,75.736694,75.904137,75.403779,75.570856,158509.22,2024-04-17
BRAV,2024-04-18T13:30:00.000000+0000,2024-04-18T20:00:00.000000+0000,2024-04-18T20:00:00.000000+0000,75.631359,75.696517,75.440296,75.505345,170303.724,2024-04-18
BRAV,2024-04-19T13:30:00.000000+0000,2024-04-19T20:00:00.000000+0000,2024-04-19T20:00:00.000000+0000,75.488227,75.931707,75.341073,75.783976,180950.696,2024-04-19
BRAV,2024-04-22T13:30:00.000000+0000,2024-04-22T20:00:00.000000+0000,2024-04-22T20:00:00.000000+0000,75.772643,75.837792,75.515362,75.580345,159339.05,2024-04-22
BRAV,2024-04-23T13:30:00.000000+0000,2024-04-23T20:00:00.000000+0000,2024-04-23T20:00:00.000000+0000,75.590557,76.186171,75.430688,76.025382,166756.16,2024-04-23
BRAV,2024-04-24T13:30:00.000000+0000,2024-04-24T20:00:00.000000+0000,2024-04-24T20:00:00.000000+0000,76.183419,76.420028,76.11379,76.350246,167101.229,2024-04-24
BRAV,2024-04-25T13:30:00.000000+0000,2024-04-25T20:00:00.000000+0000,2024-04-25T20:00:00.000000+0000,76.547219,76.567534,75.734028,75.754132,167200.171,2024-04-25
BRAV,2024-04-26T13:30:00.000000+0000,2024-04-26T20:00:00.000000+0000,2024-04-26T20:00:00.000000+0000,75.665443,75.788724,74.689679,74.811569,142098.943,2024-04-26
BRAV,2024-04-29T13:30:00.000000+0000,2024-04-29T20:00:00.000000+0000,2024-04-29T20:00:00.000000+0000,74.7862,75.073473,74.490211,74.77745,134636.717,2024-04-29
BRAV,2024-04-30T13:30:00.000000+0000,2024-04-30T20:00:00.000000+0000,2024-04-30T20:00:00.000000+0000,74.602529,75.456244,74.550452,75.403607,210894.385,2024-04-30
BRAV,2024-05-01T13:30:00.000000+0000,2024-05-01T20:00:00.000000+0000,2024-05-01T20:00:00.000000+0000,75.333883,75.673609,75.185146,75.524496,153212.72,2024-05-01
BRAV,2024-05-02T13:30:00.000000+0000,2024-05-02T20:00:00.000000+0000,2024-05-02T20:00:00.000000+0000,75.381842,75.51488,75.224022,75.357016,235328.23,2024-05-02
BRAV,2024-05-03T13:30:00.000000+0000,2024-05-03T20:00:00.000000+0000,2024-05-03T20:00:00.000000+0000,75.566821,76.631394,75.480141,76.543594,179357.467,2024-05-03
BRAV,2024-05-06T13:30:00.000000+0000,2024-05-06T20:00:00.000000+0000,2024-05-06T20:00:00.000000+0000,76.416298,76.433388,76.042684,76.059693,189648.31,2024-05-06
BRAV,2024-05-07T13:30:00.000000+0000,2024-05-07T20:00:00.000000+0000,2024-05-07T20:00:00.000000+0000,76.236166,76.468385,75.86542,76.097216,151678.771,2024-05-07
BRAV,2024-05-08T13:30:00.000000+0000,2024-05-08T20:00:00.000000+0000,2024-05-08T20:00:00.000000+0000,76.071834,76.664782,75.862654,76.45455,172598.679,2024-05-08
BRAV,2024-05-09T13:30:00.000000+0000,2024-05-09T20:00:00.000000+0000,2024-05-09T20:00:00.000000+0000,76.39436,76.42346,76.187836,76.216869,165558.731,2024-05-09
BRAV,2024-05-10T13:30:00.000000+0000,2024-05-10T20:00:00.000000+0000,2024-05-10T20:00:00.000000+0000,76.381347,76.442636,76.084265,76.145365,179120.476,2024-05-10
BRAV,2024-05-13T13:30:00.000000+0000,2024-05-13T20:00:00.000000+0000,2024-05-13T20:00:00.000000+0000,76.195856,77.369672,75.986306,77.157477,185497.433,2024-05-13
BRAV,2024-05-14T13:30:00.000000+0000,2024-05-14T20:00:00.000000+0000,2024-05-14T20:00:00.000000+0000,77.050311,77.079824,76.945984,76.975468,150237.412,2024-05-14
BRAV,2024-05-15T13:30:00.000000+0000,2024-05-15T20:00:00.000000+0000,2024-05-15T20:00:00.000000+0000,77.11235,77.447237,76.999921,77.334484,146663.115,2024-05-15
BRAV,2024-05-16T13:30:00.000000+0000,2024-05-16T20:00:00.000000+0000,2024-05-16T20:00:00.000000+0000,77.052777,77.586242,76.763626,77.296177,184214.671,2024-05-16
BRAV,2024-05-17T13:30:00.000000+0000,2024-05-17T20:00:00.000000+0000,2024-05-17T20:00:00.000000+0000,77.415197,78.011586,77.18545,77.780754,177461.019,2024-05-17
BRAV,2024-05-20T13:30:00.000000+0000,2024-05-20T20:00:00.000000+0000,2024-05-20T20:00:00.000000+0000,77.742746,77.8855,76.191585,76.331748,152644.252,2024-05-20
BRAV,2024-05-21T13:30:00.000000+0000,2024-05-21T20:00:00.000000+0000,2024-05-21T20:00:00.000000+0000,76.733977,77.43955,76.537851,77.242126,151816.819,2024-05-21
BRAV,2024-05-22T13:30:00.000000+0000,2024-05-22T20:00:00.000000+0000,2024-05-22T20:00:00.000000+0000,77.314038,77.390512,76.890561,76.966691,203959.354,2024-05-22
BRAV,2024-05-23T13:30:00.000000+0000,2024-05-23T20:00:00.000000+0000,2024-05-23T20:00:00.000000+0000,76.864931,77.057177,75.722259,75.912122,190974.778,2024-05-23
BRAV,2024-05-24T13:30:00.000000+0000,2024-05-24T20:00:00.000000+0000,2024-05-24T20:00:00.000000+0000,75.970539,76.360906,75.811421,76.201305,163018.719,2024-05-24
BRAV,2024-05-28T13:30:00.000000+0000,2024-05-28T20:00:00.000000+0000,2024-05-28T20:00:00.000000+0000,76.192703,76.474372,76.084258,76.36568,152143.204,2024-05-28
BRAV,2024-05-29T13:30:00.000000+0000,2024-05-29T20:00:00.000000+0000,2024-05-29T20:00:00.000000+0000,76.59166,76.736531,76.212028,76.356453,144658.426,2024-05-29
BRAV,2024-05-30T13:30:00.000000+0000,2024-05-30T20:00:00.000000+0000,2024-05-30T20:00:00.000000+0000,76.277608,76.852015,76.041119,76.614481,180113.231,2024-05-30
BRAV,2024-05-31T13:30:00.000000+0000,2024-05-31T20:00:00.000000+0000,2024-05-31T20:00:00.000000+0000,76.70034,77.158214,76.566691,77.024001,177371.977,2024-05-31
BRAV,2024-06-03T13:30:00.000000+0000,2024-06-03T20:00:00.000000+0000,2024-06-03T20:00:00.000000+0000,76.924862,77.058741,76.617037,76.750613,188239.558,2024-06-03
BRAV,2024-06-04T13:30:00.000000+0000,2024-06-04T20:00:00.000000+0000,2024-06-04T20:00:00.000000+0000,76.884815,77.585606,76.80654,77.506697,143153.253,2024-06-04
BRAV,2024-06-05T13:30:00.000000+0000,2024-06-05T20:00:00.000000+0000,2024-06-05T20:00:00.000000+0000,77.523547,78.270649,77.234684,77.980085,122108.494,2024-06-05
BRAV,2024-06-06T13:30:00.000000+0000,2024-06-06T20:00:00.000000+0000,2024-06-06T20:00:00.000000+0000,78.023494,78.270048,77.974811,78.221241,147982.655,2024-06-06
BRAV,2024-06-07T13:30:00.000000+0000,2024-06-07T20:00:00.000000+0000,2024-06-07T20:00:00.000000+0000,78.164229,78.489492,78.040769,78.365714,150231.183,2024-06-07
BRAV,2024-06-10T13:30:00.000000+0000,2024-06-10T20:00:00.000000+0000,2024-06-10T20:00:00.000000+0000,78.366843,78.706832,78.252056,78.591715,130696.274,2024-06-10
BRAV,2024-06-11T13:30:00.000000+0000,2024-06-11T20:00:00.000000+0000,2024-06-11T20:00:00.000000+0000,78.714298,78.930988,78.469277,78.685889,184697.78,2024-06-11
BRAV,2024-06-12T13:30:00.000000+0000,2024-06-12T20:00:00.000000+0000,2024-06-12T20:00:00.000000+0000,78.443421,78.623756,78.195276,78.375454,180123.288,2024-06-12
BRAV,2024-06-13T13:30:00.000000+0000,2024-06-13T20:00:00.000000+0000,2024-06-13T20:00:00.000000+0000,78.213812,78.370958,77.786909,77.943511,159940.956,2024-06-13
BRAV,2024-06-14T13:30:00.000000+0000,2024-06-14T20:00:00.000000+0000,2024-06-14T20:00:00.000000+0000,78.230678,78.67491,77.923662,78.367357,126797.492,2024-06-14
BRAV,2024-06-17T13:30:00.000000+0000,2024-06-17T20:00:00.000000+0000,2024-06-17T20:00:00.000000+0000,78.758242,78.843677,78.239804,78.324768,188546.699,2024-06-17
BRAV,2024-06-18T13:30:00.000000+0000,2024-06-18T20:00:00.000000+0000,2024-06-18T20:00:00.000000+0000,78.476796,78.555611,77.814191,77.892419,175253.744,2024-06-18
BRAV,2024-06-20T13:30:00.000000+0000,2024-06-20T20:00:00.000000+0000,2024-06-20T20:00:00.000000+0000,77.875667,78.074587,77.085209,77.282615,168484.805,2024-06-20
BRAV,2024-06-21T13:30:00.000000+0000,2024-06-21T20:00:00.000000+0000,2024-06-21T20:00:00.000000+0000,77.467527,78.838901,77.306751,78.675617,158707.615,2024-06-21
BRAV,2024-06-24T13:30:00.000000+0000,2024-06-24T20:00:00.000000+0000,2024-06-24T20:00:00.000000+0000,78.848084,79.051544,78.134813,78.336954,181638.188,2024-06-24
BRAV,2024-06-25T13:30:00.000000+0000,2024-06-25T20:00:00.000000+0000,2024-06-25T20:00:00.000000+0000,78.23283,78.307522,77.943742,78.018229,149468.609,2024-06-25
BRAV,2024-06-26T13:30:00.000000+0000,2024-06-26T20:00:00.000000+0000,2024-06-26T20:00:00.000000+0000,77.921358,78.138463,77.383496,77.599704,188414.124,2024-06-26
BRAV,2024-06-27T13:30:00.000000+0000,2024-06-27T20:00:00.000000+0000,2024-06-27T20:00:00.000000+0000,77.575628,77.915341,77.309472,77.648934,199839.617,2024-06-27
BRAV,2024-06-28T13:30:00.000000+0000,2024-06-28T20:00:00.000000+0000,2024-06-28T20:00:00.000000+0000,77.686733,77.778256,77.154763,77.245767,206139.107,2024-06-28
BRAV,2024-07-01T13:30:00.000000+0000,2024-07-01T20:00:00.000000+0000,2024-07-01T20:00:00.000000+0000,77.236341,77.833367,77.072123,77.668231,154671.57,2024-07-01
BRAV,2024-07-02T13:30:00.000000+0000,2024-07-02T20:00:00.000000+0000,2024-07-02T20:00:00.000000+0000,77.530015,77.844775,77.488818,77.803433,178962.264,2024-07-02
BRAV,2024-07-03T13:30:00.000000+0000,2024-07-03T17:00:00.000000+0000,2024-07-03T17:00:00.000000+0000,77.68153,78.074563,77.080042,77.472014,138287.339,2024-07-03
BRAV,2024-07-05T13:30:00.000000+0000,2024-07-05T20:00:00.000000+0000,2024-07-05T20:00:00.000000+0000,77.277191,77.579713,77.083214,77.385465,204719.703,2024-07-05
BRAV,2024-07-08T13:30:00.000000+0000,2024-07-08T20:00:00.000000+0000,2024-07-08T20:00:00.000000+0000,77.395462,77.594541,76.195737,76.392237,123434.742,2024-07-08
BRAV,2024-07-09T13:30:00.000000+0000,2024-07-09T20:00:00.000000+0000,2024-07-09T20:00:00.000000+0000,76.288723,76.765516,76.218051,76.694467,122484.911,2024-07-09
BRAV,2024-07-10T13:30:00.000000+0000,2024-07-10T20:00:00.000000+0000,2024-07-10T20:00:00.000000+0000,76.712411,76.731039,75.854617,75.873041,133475.151,2024-07-10
BRAV,2024-07-11T13:30:00.000000+0000,2024-07-11T20:00:00.000000+0000,2024-07-11T20:00:00.000000+0000,75.791524,75.880102,75.653454,75.741975,172725.909,2024-07-11
BRAV,2024-07-12T13:30:00.000000+0000,2024-07-12T20:00:00.000000+0000,2024-07-12T20:00:00.000000+0000,75.788265,76.117557,75.568949,75.897924,182199.507,2024-07-12
BRAV,2024-07-15T13:30:00.000000+0000,2024-07-15T20:00:00.000000+0000,2024-07-15T20:00:00.000000+0000,76.071095,76.49961,75.919098,76.347063,170334.603,2024-07-15
BRAV,2024-07-16T13:30:00.000000+0000,2024-07-16T20:00:00.000000+0000,2024-07-16T20:00:00.000000+0000,76.425168,76.832517,76.261491,76.66832,153341.211,2024-07-16
BRAV,2024-07-17T13:30:00.000000+0000,2024-07-17T20:00:00.000000+0000,2024-07-17T20:00:00.000000+0000,76.617344,76.70794,75.646504,75.736057,173380.265,2024-07-17
BRAV,2024-07-18T13:30:00.000000+0000,2024-07-18T20:00:00.000000+0000,2024-07-18T20:00:00.000000+0000,75.721816,75.979655,75.620589,75.878219,147364.336,2024-07-18
BRAV,2024-07-19T13:30:00.000000+0000,2024-07-19T20:00:00.000000+0000,2024-07-19T20:00:00.000000+0000,75.694533,75.920015,74.561488,74.784258,164685.463,2024-07-19
BRAV,2024-07-22T13:30:00.000000+0000,2024-07-22T20:00:00.000000+0000,2024-07-22T20:00:00.000000+0000,74.65521,74.864883,74.357549,74.566974,149631.769,2024-07-22
BRAV,2024-07-23T13:30:00.000000+0000,2024-07-23T20:00:00.000000+0000,2024-07-23T20:00:00.000000+0000,74.357217,75.471235,74.132568,75.243906,150156.814,2024-07-23
BRAV,2024-07-24T13:30:00.000000+0000,2024-07-24T20:00:00.000000+0000,2024-07-24T20:00:00.000000+0000,75.182372,76.441602,75.028911,76.285889,193182.069,2024-07-24
BRAV,2024-07-25T13:30:00.000000+0000,2024-07-25T20:00:00.000000+0000,2024-07-25T20:00:00.000000+0000,76.288946,76.350044,75.294722,75.355073,176589.225,2024-07-25
BRAV,2024-07-26T13:30:00.000000+0000,2024-07-26T20:00:00.000000+0000,2024-07-26T20:00:00.000000+0000,75.28198,75.797889,74.989289,75.504333,162727.458,2024-07-26
BRAV,2024-07-29T13:30:00.000000+0000,2024-07-29T20:00:00.000000+0000,2024-07-29T20:00:00.000000+0000,75.166824,75.344019,74.570529,74.746734,217877.808,2024-07-29
BRAV,2024-07-30T13:30:00.000000+0000,2024-07-30T20:00:00.000000+0000,2024-07-30T20:00:00.000000+0000,74.982324,76.42658,74.69507,76.134911,139669.748,2024-07-30
BRAV,2024-07-31T13:30:00.000000+0000,2024-07-31T20:00:00.000000+0000,2024-07-31T20:00:00.000000+0000,76.273804,77.32804,76.176326,77.229341,168323.569,2024-07-31
BRAV,2024-08-01T13:30:00.000000+0000,2024-08-01T20:00:00.000000+0000,2024-08-01T20:00:00.000000+0000,77.032722,77.225186,76.928301,77.120645,147055.154,2024-08-01
BRAV,2024-08-02T13:30:00.000000+0000,2024-08-02T20:00:00.000000+0000,2024-08-02T20:00:00.000000+0000,77.25924,78.045057,77.042858,77.827085,169655.122,2024-08-02
BRAV,2024-08-05T13:30:00.000000+0000,2024-08-05T20:00:00.000000+0000,2024-08-05T20:00:00.000000+0000,77.616886,77.747931,77.427705,77.558652,145521.996,2024-08-05
BRAV,2024-08-06T13:30:00.000000+0000,2024-08-06T20:00:00.000000+0000,2024-08-06T20:00:00.000000+0000,77.693553,77.940478,76.474919,76.718746,190700.2,2024-08-06
BRAV,2024-08-07T13:30:00.000000+0000,2024-08-07T20:00:00.000000+0000,2024-08-07T20:00:00.000000+0000,76.602867,76.659517,76.229417,76.285833,124860.915,2024-08-07
BRAV,2024-08-08T13:30:00.000000+0000,2024-08-08T20:00:00.000000+0000,2024-08-08T20:00:00.000000+0000,76.502733,76.625041,75.384663,75.505377,145421.443,2024-08-08
BRAV,2024-08-09T13:30:00.000000+0000,2024-08-09T20:00:00.000000+0000,2024-08-09T20:00:00.000000+0000,75.753436,76.000783,74.773283,75.018229,163352.759,2024-08-09
BRAV,2024-08-12T13:30:00.000000+0000,2024-08-12T20:00:00.000000+0000,2024-08-12T20:00:00.000000+0000,74.974208,75.803463,74.834164,75.662134,168396.133,2024-08-12
BRAV,2024-08-13T13:30:00.000000+0000,2024-08-13T20:00:00.000000+0000,2024-08-13T20:00:00.000000+0000,75.90426,76.306629,75.720384,76.122226,181480.657,2024-08-13
BRAV,2024-08-14T13:30:00.000000+0000,2024-08-14T20:00:00.000000+0000,2024-08-14T20:00:00.000000+0000,76.300241,76.363595,76.216497,76.279834,182267.248,2024-08-14
BRAV,2024-08-15T13:30:00.000000+0000,2024-08-15T20:00:00.000000+0000,2024-08-15T20:00:00.000000+0000,76.234895,76.314608,76.195551,76.275243,118275.812,2024-08-15
BRAV,2024-08-16T13:30:00.000000+0000,2024-08-16T20:00:00.000000+0000,2024-08-16T20:00:00.000000+0000,76.119928,76.613567,75.927252,76.420131,165556.853,2024-08-16
BRAV,2024-08-19T13:30:00.000000+0000,2024-08-19T20:00:00.000000+0000,2024-08-19T20:00:00.000000+0000,76.448309,77.261,76.146266,76.956948,134542.654,2024-08-19
BRAV,2024-08-20T13:30:00.000000+0000,2024-08-20T20:00:00.000000+0000,2024-08-20T20:00:00.000000+0000,76.952725,77.254577,76.775393,77.076959,145737.018,2024-08-20
BRAV,2024-08-21T13:30:00.000000+0000,2024-08-21T20:00:00.000000+0000,2024-08-21T20:00:00.000000+0000,77.081325,77.386628,77.050489,77.355682,201085.593,2024-08-21
BRAV,2024-08-22T13:30:00.000000+0000,2024-08-22T20:00:00.000000+0000,2024-08-22T20:00:00.000000+0000,77.250228,77.561655,76.857583,77.168681,161963.916,2024-08-22
BRAV,2024-08-23T13:30:00.000000+0000,2024-08-23T20:00:00.000000+0000,2024-08-23T20:00:00.000000+0000,77.327348,77.477881,76.760339,76.910059,162005.963,2024-08-23
BRAV,2024-08-26T13:30:00.000000+0000,2024-08-26T20:00:00.000000+0000,2024-08-26T20:00:00.000000+0000,76.820224,76.983015,76.135984,76.297669,170706.298,2024-08-26
BRAV,2024-08-27T13:30:00.000000+0000,2024-08-27T20:00:00.000000+0000,2024-08-27T20:00:00.000000+0000,76.177994,76.320825,75.106511,75.247597,148521.524,2024-08-27
BRAV,2024-08-28T13:30:00.000000+0000,2024-08-28T20:00:00.000000+0000,2024-08-28T20:00:00.000000+0000,75.593685,76.389273,75.449281,76.243627,205209.117,2024-08-28
BRAV,2024-08-29T13:30:00.000000+0000,2024-08-29T20:00:00.000000+0000,2024-08-29T20:00:00.000000+0000,76.213797,76.997921,76.041608,76.824352,133491.808,2024-08-29
BRAV,2024-08-30T13:30:00.000000+0000,2024-08-30T20:00:00.000000+0000,2024-08-30T20:00:00.000000+0000,76.75566,76.925331,76.146024,76.314721,206467.971,2024-08-30
BRAV,2024-09-03T13:30:00.000000+0000,2024-09-03T20:00:00.000000+0000,2024-09-03T20:00:00.000000+0000,76.348602,76.606944,75.804957,76.062331,179173.406,2024-09-03
BRAV,2024-09-04T13:30:00.000000+0000,2024-09-04T20:00:00.000000+0000,2024-09-04T20:00:00.000000+0000,76.309899,76.458013,75.788816,75.936205,232939.352,2024-09-04
BRAV,2024-09-05T13:30:00.000000+0000,2024-09-05T20:00:00.000000+0000,2024-09-05T20:00:00.000000+0000,75.862486,75.956066,75.231057,75.323972,135739.389,2024-09-05
BRAV,2024-09-06T13:30:00.000000+0000,2024-09-06T20:00:00.000000+0000,2024-09-06T20:00:00.000000+0000,75.675136,75.888498,75.15166,75.364145,154798.862,2024-09-06
BRAV,2024-09-09T13:30:00.000000+0000,2024-09-09T20:00:00.000000+0000,2024-09-09T20:00:00.000000+0000,75.552408,76.124268,75.349346,75.920218,218582.571,2024-09-09
BRAV,2024-09-10T13:30:00.000000+0000,2024-09-10T20:00:00.000000+0000,2024-09-10T20:00:00.000000+0000,75.685194,75.816481,75.105747,75.236255,151845.949,2024-09-10
BRAV,2024-09-11T13:30:00.000000+0000,2024-09-11T20:00:00.000000+0000,2024-09-11T20:00:00.000000+0000,74.93927,75.168609,74.534337,74.763137,156285.621,2024-09-11
BRAV,2024-09-12T13:30:00.000000+0000,2024-09-12T20:00:00.000000+0000,2024-09-12T20:00:00.000000+0000,74.873731,75.444708,74.547299,75.117214,154355.467,2024-09-12
BRAV,2024-09-13T13:30:00.000000+0000,2024-09-13T20:00:00.000000+0000,2024-09-13T20:00:00.000000+0000,75.053942,75.282481,74.894928,75.12332,188732.718,2024-09-13
BRAV,2024-09-16T13:30:00.000000+0000,2024-09-16T20:00:00.000000+0000,2024-09-16T20:00:00.000000+0000,75.038173,75.330192,74.935443,75.227204,190723.19,2024-09-16
BRAV,2024-09-17T13:30:00.000000+0000,2024-09-17T20:00:00.000000+0000,2024-09-17T20:00:00.000000+0000,75.284171,75.348832,75.280804,75.345462,135427.434,2024-09-17
BRAV,2024-09-18T13:30:00.000000+0000,2024-09-18T20:00:00.000000+0000,2024-09-18T20:00:00.000000+0000,75.571685,75.753203,75.206516,75.387591,145171.432,2024-09-18
BRAV,2024-09-19T13:30:00.000000+0000,2024-09-19T20:00:00.000000+0000,2024-09-19T20:00:00.000000+0000,75.361898,75.513619,74.829726,74.98068,181745.022,2024-09-19
BRAV,2024-09-20T13:30:00.000000+0000,2024-09-20T20:00:00.000000+0000,2024-09-20T20:00:00.000000+0000,74.776993,75.045595,74.690323,74.958714,169556.819,2024-09-20
BRAV,2024-09-23T13:30:00.000000+0000,2024-09-23T20:00:00.000000+0000,2024-09-23T20:00:00.000000+0000,74.943747,75.142588,74.751003,74.949828,135343.855,2024-09-23
BRAV,2024-09-24T13:30:00.000000+0000,2024-09-24T20:00:00.000000+0000,2024-09-24T20:00:00.000000+0000,75.003361,75.583484,74.771482,75.350531,175084.288,2024-09-24
BRAV,2024-09-25T13:30:00.000000+0000,2024-09-25T20:00:00.000000+0000,2024-09-25T20:00:00.000000+0000,75.371495,76.117199,75.227979,75.972538,143597.902,2024-09-25
BRAV,2024-09-26T13:30:00.000000+0000,2024-09-26T20:00:00.000000+0000,2024-09-26T20:00:00.000000+0000,75.961598,76.209211,75.16223,75.408038,159874.71,2024-09-26
BRAV,2024-09-27T13:30:00.000000+0000,2024-09-27T20:00:00.000000+0000,2024-09-27T20:00:00.000000+0000,75.273841,75.387335,75.126575,75.240018,167732.805,2024-09-27
BRAV,2024-09-30T13:30:00.000000+0000,2024-09-30T20:00:00.000000+0000,2024-09-30T20:00:00.000000+0000,75.183812,75.798425,74.996957,75.61051,176032.966,2024-09-30
BRAV,2024-10-01T13:30:00.000000+0000,2024-10-01T20:00:00.000000+0000,2024-10-01T20:00:00.000000+0000,75.744943,76.518482,75.485625,76.257411,188976.663,2024-10-01
BRAV,2024-10-02T13:30:00.000000+0000,2024-10-02T20:00:00.000000+0000,2024-10-02T20:00:00.000000+0000,76.114925,76.198383,75.537845,75.620761,160915.438,2024-10-02
BRAV,2024-10-03T13:30:00.000000+0000,2024-10-03T20:00:00.000000+0000,2024-10-03T20:00:00.000000+0000,75.552524,75.617626,74.040998,74.104853,152321.124,2024-10-03
BRAV,2024-10-04T13:30:00.000000+0000,2024-10-04T20:00:00.000000+0000,2024-10-04T20:00:00.000000+0000,74.034525,74.945005,73.936196,74.845598,155225.096,2024-10-04
BRAV,2024-10-07T13:30:00.000000+0000,2024-10-07T20:00:00.000000+0000,2024-10-07T20:00:00.000000+0000,75.022002,75.935196,74.857011,75.768563,235807.568,2024-10-07
BRAV,2024-10-08T13:30:00.000000+0000,2024-10-08T20:00:00.000000+0000,2024-10-08T20:00:00.000000+0000,75.794402,75.924005,74.338436,74.465767,162855.72,2024-10-08
BRAV,2024-10-09T13:30:00.000000+0000,2024-10-09T20:00:00.000000+0000,2024-10-09T20:00:00.000000+0000,74.503967,74.685403,74.321302,74.502735,222238.565,2024-10-09
BRAV,2024-10-10T13:30:00.000000+0000,2024-10-10T20:00:00.000000+0000,2024-10-10T20:00:00.000000+0000,74.376777,74.826195,74.164131,74.612873,167906.506,2024-10-10
BRAV,2024-10-11T13:30:00.000000+0000,2024-10-11T20:00:00.000000+0000,2024-10-11T20:00:00.000000+0000,74.378425,74.584505,74.034947,74.240645,196839.417,2024-10-11
BRAV,2024-10-14T13:30:00.000000+0000,2024-10-14T20:00:00.000000+0000,2024-10-14T20:00:00.000000+0000,74.113371,74.260935,73.373615,73.519998,125642.627,2024-10-14
BRAV,2024-10-15T13:30:00.000000+0000,2024-10-15T20:00:00.000000+0000,2024-10-15T20:00:00.000000+0000,73.334903,74.067447,73.111376,73.842374,151757.256,2024-10-15
BRAV,2024-10-16T13:30:00.000000+0000,2024-10-16T20:00:00.000000+0000,2024-10-16T20:00:00.000000+0000,73.67862,73.848532,73.514357,73.684256,150487.926,2024-10-16
BRAV,2024-10-17T13:30:00.000000+0000,2024-10-17T20:00:00.000000+0000,2024-10-17T20:00:00.000000+0000,73.614872,73.816527,73.275774,73.477052,136726.792,2024-10-17
BRAV,2024-10-18T13:30:00.000000+0000,2024-10-18T20:00:00.000000+0000,2024-10-18T20:00:00.000000+0000,73.344005,74.215214,73.186016,74.055692,188228.413,2024-10-18
BRAV,2024-10-21T13:30:00.000000+0000,2024-10-21T20:00:00.000000+0000,2024-10-21T20:00:00.000000+0000,74.239078,74.941385,74.139973,74.841476,187326.16,2024-10-21
BRAV,2024-10-22T13:30:00.000000+0000,2024-10-22T20:00:00.000000+0000,2024-10-22T20:00:00.000000+0000,74.724103,75.400491,74.438193,75.113093,137301.477,2024-10-22
BRAV,2024-10-23T13:30:00.000000+0000,2024-10-23T20:00:00.000000+0000,2024-10-23T20:00:00.000000+0000,75.312665,76.466499,75.211482,76.363903,220132.952,2024-10-23
BRAV,2024-10-24T13:30:00.000000+0000,2024-10-24T20:00:00.000000+0000,2024-10-24T20:00:00.000000+0000,76.454214,76.79107,76.378984,76.715583,150491.853,2024-10-24
BRAV,2024-10-25T13:30:00.000000+0000,2024-10-25T20:00:00.000000+0000,2024-10-25T20:00:00.000000+0000,76.835441,77.611844,76.60089,77.375644,161037.52,2024-10-25
BRAV,2024-10-28T13:30:00.000000+0000,2024-10-28T20:00:00.000000+0000,2024-10-28T20:00:00.000000+0000,77.382555,77.596003,76.948496,77.161334,166004.432,2024-10-28
BRAV,2024-10-29T13:30:00.000000+0000,2024-10-29T20:00:00.000000+0000,2024-10-29T20:00:00.000000+0000,76.961717,77.115917,76.870361,77.024487,168597.246,2024-10-29
BRAV,2024-10-30T13:30:00.000000+0000,2024-10-30T20:00:00.000000+0000,2024-10-30T20:00:00.000000+0000,77.211731,77.490927,76.733862,77.012337,182942.909,2024-10-30
BRAV,2024-10-31T13:30:00.000000+0000,2024-10-31T20:00:00.000000+0000,2024-10-31T20:00:00.000000+0000,77.056587,77.744421,76.844773,77.531301,147264.766,2024-10-31
BRAV,2024-11-01T13:30:00.000000+0000,2024-11-01T20:00:00.000000+0000,2024-11-01T20:00:00.000000+0000,77.507541,77.59868,77.34668,77.437736,134953.912,2024-11-01
BRAV,2024-11-04T14:30:00.000000+0000,2024-11-04T21:00:00.000000+0000,2024-11-04T21:00:00.000000+0000,77.489395,78.21837,77.320041,78.047796,180438.968,2024-11-04
BRAV,2024-11-05T14:30:00.000000+0000,2024-11-05T21:00:00.000000+0000,2024-11-05T21:00:00.000000+0000,78.133041,78.308266,77.916513,78.091644,176927.0,2024-11-05
BRAV,2024-11-06T14:30:00.000000+0000,2024-11-06T21:00:00.000000+0000,2024-11-06T21:00:00.000000+0000,78.084978,78.342835,77.896568,78.154257,145958.606,2024-11-06
BRAV,2024-11-07T14:30:00.000000+0000,2024-11-07T21:00:00.000000+0000,2024-11-07T21:00:00.000000+0000,78.212046,78.744641,78.003343,78.535077,147200.044,2024-11-07
BRAV,2024-11-08T14:30:00.000000+0000,2024-11-08T21:00:00.000000+0000,2024-11-08T21:00:00.000000+0000,78.543218,79.334883,78.435111,79.225837,150395.534,2024-11-08
BRAV,2024-11-11T14:30:00.000000+0000,2024-11-11T21:00:00.000000+0000,2024-11-11T21:00:00.000000+0000,79.04759,79.685363,78.789438,79.425976,190966.4,2024-11-11
BRAV,2024-11-12T14:30:00.000000+0000,2024-11-12T21:00:00.000000+0000,2024-11-12T21:00:00.000000+0000,79.511348,80.291247,79.195513,79.973576,158199.654,2024-11-12
BRAV,2024-11-13T14:30:00.000000+0000,2024-11-13T21:00:00.000000+0000,2024-11-13T21:00:00.000000+0000,80.458498,80.601108,80.04731,80.189444,169105.66,2024-11-13
BRAV,2024-11-14T14:30:00.000000+0000,2024-11-14T21:00:00.000000+0000,2024-11-14T21:00:00.000000+0000,80.125648,80.315733,79.698004,79.887523,184488.469,2024-11-14
BRAV,2024-11-15T14:30:00.000000+0000,2024-11-15T21:00:00.000000+0000,2024-11-15T21:00:00.000000+0000,79.869322,80.4951,79.567678,80.192236,168699.177,2024-11-15
BRAV,2024-11-18T14:30:00.000000+0000,2024-11-18T21:00:00.000000+0000,2024-11-18T21:00:00.000000+0000,80.235618,80.96268,80.14808,80.874446,173299.2,2024-11-18
BRAV,2024-11-19T14:30:00.000000+0000,2024-11-19T21:00:00.000000+0000,2024-11-19T21:00:00.000000+0000,80.852767,82.358484,80.74024,82.24402,144860.84,2024-11-19
BRAV,2024-11-20T14:30:00.000000+0000,2024-11-20T21:00:00.000000+0000,2024-11-20T21:00:00.000000+0000,82.683493,82.827075,82.085686,82.228477,130803.593,2024-11-20
BRAV,2024-11-21T14:30:00.000000+0000,2024-11-21T21:00:00.000000+0000,2024-11-21T21:00:00.000000+0000,82.11365,82.273643,81.72408,81.883624,176663.144,2024-11-21
BRAV,2024-11-22T14:30:00.000000+0000,2024-11-22T21:00:00.000000+0000,2024-11-22T21:00:00.000000+0000,81.974482,82.193896,81.385904,81.604328,147749.116,2024-11-22
BRAV,2024-11-25T14:30:00.000000+0000,2024-11-25T21:00:00.000000+0000,2024-11-25T21:00:00.000000+0000,81.65989,81.751671,80.929542,81.020605,148309.05,2024-11-25
BRAV,2024-11-26T14:30:00.000000+0000,2024-11-26T21:00:00.000000+0000,2024-11-26T21:00:00.000000+0000,80.871898,80.937535,80.676336,80.741867,190924.134,2024-11-26
BRAV,2024-11-27T14:30:00.000000+0000,2024-11-27T21:00:00.000000+0000,2024-11-27T21:00:00.000000+0000,80.853066,81.636699,80.612394,81.394415,163717.385,2024-11-27
BRAV,2024-11-29T14:30:00.000000+0000,2024-11-29T18:00:00.000000+0000,2024-11-29T18:00:00.000000+0000,81.520871,82.158412,81.501411,82.138805,185250.294,2024-11-29
BRAV,2024-12-02T14:30:00.000000+0000,2024-12-02T21:00:00.000000+0000,2024-12-02T21:00:00.000000+0000,82.167902,83.256765,81.952037,83.038614,172301.908,2024-12-02
BRAV,2024-12-03T14:30:00.000000+0000,2024-12-03T21:00:00.000000+0000,2024-12-03T21:00:00.000000+0000,82.874686,82.916286,81.884815,81.925939,146267.421,2024-12-03
BRAV,2024-12-04T14:30:00.000000+0000,2024-12-04T21:00:00.000000+0000,2024-12-04T21:00:00.000000+0000,82.018501,82.239139,81.764159,81.984706,132562.387,2024-12-04
BRAV,2024-12-05T14:30:00.000000+0000,2024-12-05T21:00:00.000000+0000,2024-12-05T21:00:00.000000+0000,81.823835,83.295661,81.719365,83.189448,154261.461,2024-12-05
BRAV,2024-12-06T14:30:00.000000+0000,2024-12-06T21:00:00.000000+0000,2024-12-06T21:00:00.000000+0000,82.962832,83.382012,82.914883,83.33385,143878.534,2024-12-06
BRAV,2024-12-09T14:30:00.000000+0000,2024-12-09T21:00:00.000000+0000,2024-12-09T21:00:00.000000+0000,83.348225,83.713561,83.279929,83.645022,159952.068,2024-12-09
BRAV,2024-12-10T14:30:00.000000+0000,2024-12-10T21:00:00.000000+0000,2024-12-10T21:00:00.000000+0000,83.822107,83.880633,82.595152,82.652862,157792.023,2024-12-10
BRAV,2024-12-11T14:30:00.000000+0000,2024-12-11T21:00:00.000000+0000,2024-12-11T21:00:00.000000+0000,82.82226,82.953262,81.998852,82.128758,149335.323,2024-12-11
BRAV,2024-12-12T14:30:00.000000+0000,2024-12-12T21:00:00.000000+0000,2024-12-12T21:00:00.000000+0000,82.319871,83.166456,82.180438,83.025827,192081.349,2024-12-12
BRAV,2024-12-13T14:30:00.000000+0000,2024-12-13T21:00:00.000000+0000,2024-12-13T21:00:00.000000+0000,83.097057,83.234762,82.158138,82.294513,174897.187,2024-12-13
BRAV,2024-12-16T14:30:00.000000+0000,2024-12-16T21:00:00.000000+0000,2024-12-16T21:00:00.000000+0000,82.347255,83.254202,82.098494,83.003458,149903.67,2024-12-16
BRAV,2024-12-17T14:30:00.000000+0000,2024-12-17T21:00:00.000000+0000,2024-12-17T21:00:00.000000+0000,83.010299,83.296557,82.849385,83.1354,180885.99,2024-12-17
BRAV,2024-12-18T14:30:00.000000+0000,2024-12-18T21:00:00.000000+0000,2024-12-18T21:00:00.000000+0000,82.964943,83.928614,82.71464,83.676165,174546.998,2024-12-18
BRAV,2024-12-19T14:30:00.000000+0000,2024-12-19T21:00:00.000000+0000,2024-12-19T21:00:00.000000+0000,83.455774,83.723522,82.547396,82.813082,227547.426,2024-12-19
BRAV,2024-12-20T14:30:00.000000+0000,2024-12-20T21:00:00.000000+0000,2024-12-20T21:00:00.000000+0000,82.979012,83.26338,82.493914,82.777591,164852.384,2024-12-20
BRAV,2024-12-23T14:30:00.000000+0000,2024-12-23T21:00:00.000000+0000,2024-12-23T21:00:00.000000+0000,82.50252,83.059524,82.48966,83.046579,169102.836,2024-12-23
BRAV,2024-12-24T14:30:00.000000+0000,2024-12-24T18:00:00.000000+0000,2024-12-24T18:00:00.000000+0000,82.948255,83.440491,82.858221,83.350021,161230.129,2024-12-24
BRAV,2024-12-26T14:30:00.000000+0000,2024-12-26T21:00:00.000000+0000,2024-12-26T21:00:00.000000+0000,83.452639,83.768869,83.40697,83.723052,152157.03,2024-12-26
BRAV,2024-12-27T14:30:00.000000+0000,2024-12-27T21:00:00.000000+0000,2024-12-27T21:00:00.000000+0000,83.975874,84.053528,83.609688,83.687075,185435.831,2024-12-27
BRAV,2024-12-30T14:30:00.000000+0000,2024-12-30T21:00:00.000000+0000,2024-12-30T21:00:00.000000+0000,83.605943,83.822211,83.3931,83.609359,191874.948,2024-12-30
BRAV,2024-12-31T14:30:00.000000+0000,2024-12-31T21:00:00.000000+0000,2024-12-31T21:00:00.000000+0000,83.733315,83.976909,83.06799,83.310353,136934.908,2024-12-31
CHAR,2023-07-28T13:30:00.000000+0000,2023-07-28T20:00:00.000000+0000,2023-07-28T20:00:00.000000+0000,110.213014,111.644004,109.726114,111.152952,132133.955,2023-07-28
CHAR,2023-07-31T13:30:00.000000+0000,2023-07-31T20:00:00.000000+0000,2023-07-31T20:00:00.000000+0000,111.477112,111.707885,110.044871,110.273151,183673.505,2023-07-31
CHAR,2023-08-01T13:30:00.000000+0000,2023-08-01T20:00:00.000000+0000,2023-08-01T20:00:00.000000+0000,109.90974,110.941608,109.528564,110.558183,183134.752,2023-08-01
CHAR,2023-08-02T13:30:00.000000+0000,2023-08-02T20:00:00.000000+0000,2023-08-02T20:00:00.000000+0000,110.549579,111.613083,110.257163,111.318633,145099.603,2023-08-02
CHAR,2023-08-03T13:30:00.000000+0000,2023-08-03T20:00:00.000000+0000,2023-08-03T20:00:00.000000+0000,111.189628,111.360477,110.144499,110.314003,123264.881,2023-08-03
CHAR,2023-08-04T13:30:00.000000+0000,2023-08-04T20:00:00.000000+0000,2023-08-04T20:00:00.000000+0000,110.504131,110.856815,109.586318,109.937193,146502.589,2023-08-04
CHAR,2023-08-07T13:30:00.000000+0000,2023-08-07T20:00:00.000000+0000,2023-08-07T20:00:00.000000+0000,110.013754,110.204569,109.36092,109.550931,170969.609,2023-08-07
CHAR,2023-08-08T13:30:00.000000+0000,2023-08-08T20:00:00.000000+0000,2023-08-08T20:00:00.000000+0000,109.413428,109.535596,108.227838,108.348818,190576.932,2023-08-08
CHAR,2023-08-09T13:30:00.000000+0000,2023-08-09T20:00:00.000000+0000,2023-08-09T20:00:00.000000+0000,108.334977,109.345022,107.899242,108.906986,163889.303,2023-08-09
CHAR,2023-08-10T13:30:00.000000+0000,2023-08-10T20:00:00.000000+0000,2023-08-10T20:00:00.000000+0000,108.705274,109.056059,107.972859,108.322409,178906.755,2023-08-10
CHAR,2023-08-11T13:30:00.000000+0000,2023-08-11T20:00:00.000000+0000,2023-08-11T20:00:00.000000+0000,108.479883,110.127654,108.133767,109.777399,147573.341,2023-08-11
CHAR,2023-08-14T13:30:00.000000+0000,2023-08-14T20:00:00.000000+0000,2023-08-14T20:00:00.000000+0000,109.74946,110.414927,109.548777,110.213397,134106.296,2023-08-14
CHAR,2023-08-15T13:30:00.000000+0000,2023-08-15T20:00:00.000000+0000,2023-08-15T20:00:00.000000+0000,110.155294,110.522814,108.918122,109.28273,168653.352,2023-08-15
CHAR,2023-08-16T13:30:00.000000+0000,2023-08-16T20:00:00.000000+0000,2023-08-16T20:00:00.000000+0000,108.988528,110.372566,108.94012,110.323564,208922.032,2023-08-16
CHAR,2023-08-17T13:30:00.000000+0000,2023-08-17T20:00:00.000000+0000,2023-08-17T20:00:00.000000+0000,110.303636,110.512015,110.15444,110.36274,156201.362,2023-08-17
CHAR,2023-08-18T13:30:00.000000+0000,2023-08-18T20:00:00.000000+0000,2023-08-18T20:00:00.000000+0000,110.03666,110.413326,109.372683,109.748362,153436.497,2023-08-18
CHAR,2023-08-21T13:30:00.000000+0000,2023-08-21T20:00:00.000000+0000,2023-08-21T20:00:00.000000+0000,110.048502,110.274283,109.638246,109.863648,201678.434,2023-08-21
CHAR,2023-08-22T13:30:00.000000+0000,2023-08-22T20:00:00.000000+0000,2023-08-22T20:00:00.000000+0000,109.920051,110.744729,109.606423,110.429648,181291.943,2023-08-22
CHAR,2023-08-23T13:30:00.000000+0000,2023-08-23T20:00:00.000000+0000,2023-08-23T20:00:00.000000+0000,110.567307,110.826912,110.285634,110.545186,157168.286,2023-08-23
CHAR,2023-08-24T13:30:00.000000+0000,2023-08-24T20:00:00.000000+0000,2023-08-24T20:00:00.000000+0000,110.968671,111.089966,110.607483,110.728516,162859.989,2023-08-24
CHAR,2023-08-25T13:30:00.000000+0000,2023-08-25T20:00:00.000000+0000,2023-08-25T20:00:00.000000+0000,110.731813,110.997839,110.43811,110.70407,152600.565,2023-08-25
CHAR,2023-08-28T13:30:00.000000+0000,2023-08-28T20:00:00.000000+0000,2023-08-28T20:00:00.000000+0000,110.773758,110.976602,109.440182,109.640952,128374.509,2023-08-28
CHAR,2023-08-29T13:30:00.000000+0000,2023-08-29T20:00:00.000000+0000,2023-08-29T20:00:00.000000+0000,109.643047,110.725975,109.54443,110.626473,125472.531,2023-08-29
CHAR,2023-08-30T13:30:00.000000+0000,2023-08-30T20:00:00.000000+0000,2023-08-30T20:00:00.000000+0000,110.656757,111.924467,110.381456,111.646703,176134.768,2023-08-30
CHAR,2023-08-31T13:30:00.000000+0000,2023-08-31T20:00:00.000000+0000,2023-08-31T20:00:00.000000+0000,111.773349,111.780884,111.184474,111.19197,132700.165,2023-08-31
CHAR,2023-09-01T13:30:00.000000+0000,2023-09-01T20:00:00.000000+0000,2023-09-01T20:00:00.000000+0000,111.630849,111.797426,111.524488,111.691008,178371.932,2023-09-01
CHAR,2023-09-05T13:30:00.000000+0000,2023-09-05T20:00:00.000000+0000,2023-09-05T20:00:00.000000+0000,111.537559,111.76952,109.816809,110.045668,148006.559,2023-09-05
CHAR,2023-09-06T13:30:00.000000+0000,2023-09-06T20:00:00.000000+0000,2023-09-06T20:00:00.000000+0000,110.169258,110.620276,109.933851,110.384409,152170.447,2023-09-06
CHAR,2023-09-07T13:30:00.000000+0000,2023-09-07T20:00:00.000000+0000,2023-09-07T20:00:00.000000+0000,110.152564,110.465631,109.902763,110.215687,135685.119,2023-09-07
CHAR,2023-09-08T13:30:00.000000+0000,2023-09-08T20:00:00.000000+0000,2023-09-08T20:00:00.000000+0000,110.309917,110.820264,109.54062,110.049763,199291.829,2023-09-08
CHAR,2023-09-11T13:30:00.000000+0000,2023-09-11T20:00:00.000000+0000,2023-09-11T20:00:00.000000+0000,110.207871,112.475065,109.99689,112.260155,121684.524,2023-09-11
CHAR,2023-09-12T13:30:00.000000+0000,2023-09-12T20:00:00.000000+0000,2023-09-12T20:00:00.000000+0000,111.963274,112.330827,111.138918,111.504965,144572.529,2023-09-12
CHAR,2023-09-13T13:30:00.000000+0000,2023-09-13T20:00:00.000000+0000,2023-09-13T20:00:00.000000+0000,111.349025,111.553278,110.723153,110.926631,138786.639,2023-09-13
CHAR,2023-09-14T13:30:00.000000+0000,2023-09-14T20:00:00.000000+0000,2023-09-14T20:00:00.000000+0000,110.654469,110.870192,109.700983,109.915265,142382.244,2023-09-14
CHAR,2023-09-15T13:30:00.000000+0000,2023-09-15T20:00:00.000000+0000,2023-09-15T20:00:00.000000+0000,109.752367,109.886134,108.751362,108.884071,176020.199,2023-09-15
CHAR,2023-09-18T13:30:00.000000+0000,2023-09-18T20:00:00.000000+0000,2023-09-18T20:00:00.000000+0000,108.833521,109.031754,108.599474,108.797642,178000.544,2023-09-18
CHAR,2023-09-19T13:30:00.000000+0000,2023-09-19T20:00:00.000000+0000,2023-09-19T20:00:00.000000+0000,108.766734,109.528022,108.579466,109.339767,174654.943,2023-09-19
CHAR,2023-09-20T13:30:00.000000+0000,2023-09-20T20:00:00.000000+0000,2023-09-20T20:00:00.000000+0000,109.485888,109.688758,107.400665,107.60004,164734.632,2023-09-20
CHAR,2023-09-21T13:30:00.000000+0000,2023-09-21T20:00:00.000000+0000,2023-09-21T20:00:00.000000+0000,107.431798,107.554197,106.335568,106.456856,182658.236,2023-09-21
CHAR,2023-09-22T13:30:00.000000+0000,2023-09-22T20:00:00.000000+0000,2023-09-22T20:00:00.000000+0000,106.551591,106.961143,106.289975,106.699164,169757.827,2023-09-22
CHAR,2023-09-25T13:30:00.000000+0000,2023-09-25T20:00:00.000000+0000,2023-09-25T20:00:00.000000+0000,106.709024,108.576451,106.421293,108.284471,187262.436,2023-09-25
CHAR,2023-09-26T13:30:00.000000+0000,2023-09-26T20:00:00.000000+0000,2023-09-26T20:00:00.000000+0000,108.481815,109.534882,108.275784,109.327245,200395.644,2023-09-26
CHAR,2023-09-27T13:30:00.000000+0000,2023-09-27T20:00:00.000000+0000,2023-09-27T20:00:00.000000+0000,109.377199,109.665121,108.333302,108.619228,169789.24,2023-09-27
CHAR,2023-09-28T13:30:00.000000+0000,2023-09-28T20:00:00.000000+0000,2023-09-28T20:00:00.000000+0000,108.672888,109.818642,108.535498,109.679979,180810.107,2023-09-28
CHAR,2023-09-29T13:30:00.000000+0000,2023-09-29T20:00:00.000000+0000,2023-09-29T20:00:00.000000+0000,110.304123,110.48339,109.722939,109.901551,164497.262,2023-09-29
CHAR,2023-10-02T13:30:00.000000+0000,2023-10-02T20:00:00.000000+0000,2023-10-02T20:00:00.000000+0000,109.803474,110.785386,109.637453,110.618134,205185.027,2023-10-02
CHAR,2023-10-03T13:30:00.000000+0000,2023-10-03T20:00:00.000000+0000,2023-10-03T20:00:00.000000+0000,110.469248,110.637815,109.95508,110.123119,128267.868,2023-10-03
CHAR,2023-10-04T13:30:00.000000+0000,2023-10-04T20:00:00.000000+0000,2023-10-04T20:00:00.000000+0000,109.956258,110.849715,109.924195,110.8174,178933.714,2023-10-04
CHAR,2023-10-05T13:30:00.000000+0000,2023-10-05T20:00:00.000000+0000,2023-10-05T20:00:00.000000+0000,111.437911,111.787925,111.255897,111.605638,126751.824,2023-10-05
CHAR,2023-10-06T13:30:00.000000+0000,2023-10-06T20:00:00.000000+0000,2023-10-06T20:00:00.000000+0000,111.806528,111.948866,111.032998,111.174532,197778.311,2023-10-06
CHAR,2023-10-09T13:30:00.000000+0000,2023-10-09T20:00:00.000000+0000,2023-10-09T20:00:00.000000+0000,111.111823,111.314604,110.959802,111.162513,158467.748,2023-10-09
CHAR,2023-10-10T13:30:00.000000+0000,2023-10-10T20:00:00.000000+0000,2023-10-10T20:00:00.000000+0000,111.330986,112.12381,111.133643,111.925413,151068.899,2023-10-10
CHAR,2023-10-11T13:30:00.000000+0000,2023-10-11T20:00:00.000000+0000,2023-10-11T20:00:00.000000+0000,111.880904,111.96237,110.570924,110.651494,172742.053,2023-10-11
CHAR,2023-10-12T13:30:00.000000+0000,2023-10-12T20:00:00.000000+0000,2023-10-12T20:00:00.000000+0000,110.256086,110.612439,110.084541,110.440606,182390.958,2023-10-12
CHAR,2023-10-13T13:30:00.000000+0000,2023-10-13T20:00:00.000000+0000,2023-10-13T20:00:00.000000+0000,110.507544,110.793794,109.560843,109.845377,161174.539,2023-10-13
CHAR,2023-10-16T13:30:00.000000+0000,2023-10-16T20:00:00.000000+0000,2023-10-16T20:00:00.000000+0000,110.10236,110.455794,109.780344,110.133686,174019.241,2023-10-16
CHAR,2023-10-17T13:30:00.000000+0000,2023-10-17T20:00:00.000000+0000,2023-10-17T20:00:00.000000+0000,110.337994,110.780053,110.034518,110.476196,152372.045,2023-10-17
CHAR,2023-10-18T13:30:00.000000+0000,2023-10-18T20:00:00.000000+0000,2023-10-18T20:00:00.000000+0000,110.179259,111.34564,109.912585,111.076794,176647.833,2023-10-18
CHAR,2023-10-19T13:30:00.000000+0000,2023-10-19T20:00:00.000000+0000,2023-10-19T20:00:00.000000+0000,111.319046,111.437454,110.382541,110.500077,142064.341,2023-10-19
CHAR,2023-10-20T13:30:00.000000+0000,2023-10-20T20:00:00.000000+0000,2023-10-20T20:00:00.000000+0000,110.601715,111.532199,110.388383,111.317486,122655.606,2023-10-20
CHAR,2023-10-23T13:30:00.000000+0000,2023-10-23T20:00:00.000000+0000,2023-10-23T20:00:00.000000+0000,111.400998,111.417438,110.718194,110.734536,141239.388,2023-10-23
CHAR,2023-10-24T13:30:00.000000+0000,2023-10-24T20:00:00.000000+0000,2023-10-24T20:00:00.000000+0000,111.033892,112.643994,110.609201,112.214786,135625.345,2023-10-24
CHAR,2023-10-25T13:30:00.000000+0000,2023-10-25T20:00:00.000000+0000,2023-10-25T20:00:00.000000+0000,112.140861,113.121445,111.911799,112.890852,212603.464,2023-10-25
CHAR,2023-10-26T13:30:00.000000+0000,2023-10-26T20:00:00.000000+0000,2023-10-26T20:00:00.000000+0000,112.779571,113.999399,112.607795,113.826029,205316.677,2023-10-26
CHAR,2023-10-27T13:30:00.000000+0000,2023-10-27T20:00:00.000000+0000,2023-10-27T20:00:00.000000+0000,113.740707,116.634022,113.431082,116.317383,130408.688,2023-10-27
CHAR,2023-10-30T13:30:00.000000+0000,2023-10-30T20:00:00.000000+0000,2023-10-30T20:00:00.000000+0000,116.277548,117.21027,116.237967,117.170384,138924.366,2023-10-30
CHAR,2023-10-31T13:30:00.000000+0000,2023-10-31T20:00:00.000000+0000,2023-10-31T20:00:00.000000+0000,117.367044,117.724688,117.138167,117.495561,155147.901,2023-10-31
CHAR,2023-11-01T13:30:00.000000+0000,2023-11-01T20:00:00.000000+0000,2023-11-01T20:00:00.000000+0000,117.319611,117.736966,117.110859,117.527844,170274.475,2023-11-01
CHAR,2023-11-02T13:30:00.000000+0000,2023-11-02T20:00:00.000000+0000,2023-11-02T20:00:00.000000+0000,117.758884,117.832501,117.554739,117.628274,143664.475,2023-11-02
CHAR,2023-11-03T13:30:00.000000+0000,2023-11-03T20:00:00.000000+0000,2023-11-03T20:00:00.000000+0000,117.665702,117.889401,117.019833,117.242728,172906.53,2023-11-03
CHAR,2023-11-06T14:30:00.000000+0000,2023-11-06T21:00:00.000000+0000,2023-11-06T21:00:00.000000+0000,117.305462,117.50431,115.930763,116.127615,150387.717,2023-11-06
CHAR,2023-11-07T14:30:00.000000+0000,2023-11-07T21:00:00.000000+0000,2023-11-07T21:00:00.000000+0000,116.070596,116.436072,115.436599,115.801228,145830.287,2023-11-07
CHAR,2023-11-08T14:30:00.000000+0000,2023-11-08T21:00:00.000000+0000,2023-11-08T21:00:00.000000+0000,115.786682,116.039483,114.83444,115.085711,205675.022,2023-11-08
CHAR,2023-11-09T14:30:00.000000+0000,2023-11-09T21:00:00.000000+0000,2023-11-09T21:00:00.000000+0000,115.016589,115.789886,114.676277,115.448297,195789.799,2023-11-09
CHAR,2023-11-10T14:30:00.000000+0000,2023-11-10T21:00:00.000000+0000,2023-11-10T21:00:00.000000+0000,115.433576,116.503062,115.227033,116.294978,154916.563,2023-11-10
CHAR,2023-11-13T14:30:00.000000+0000,2023-11-13T21:00:00.000000+0000,2023-11-13T21:00:00.000000+0000,116.235476,117.637982,115.903712,117.303171,168493.339,2023-11-13
CHAR,2023-11-14T14:30:00.000000+0000,2023-11-14T21:00:00.000000+0000,2023-11-14T21:00:00.000000+0000,117.358371,117.461034,116.877801,116.980132,140769.135,2023-11-14
CHAR,2023-11-15T14:30:00.000000+0000,2023-11-15T21:00:00.000000+0000,2023-11-15T21:00:00.000000+0000,117.481614,117.695686,116.91666,117.130091,144897.837,2023-11-15
CHAR,2023-11-16T14:30:00.000000+0000,2023-11-16T21:00:00.000000+0000,2023-11-16T21:00:00.000000+0000,117.465341,118.964271,117.197307,118.693436,177499.53,2023-11-16
CHAR,2023-11-17T14:30:00.000000+0000,2023-11-17T21:00:00.000000+0000,2023-11-17T21:00:00.000000+0000,118.660665,119.222815,118.461158,119.022699,158666.857,2023-11-17
CHAR,2023-11-20T14:30:00.000000+0000,2023-11-20T21:00:00.000000+0000,2023-11-20T21:00:00.000000+0000,118.693545,118.920496,117.644484,117.869859,170144.773,2023-11-20
CHAR,2023-11-21T14:30:00.000000+0000,2023-11-21T21:00:00.000000+0000,2023-11-21T21:00:00.000000+0000,118.306087,118.552873,117.416384,117.661826,114676.849,2023-11-21
CHAR,2023-11-22T14:30:00.000000+0000,2023-11-22T21:00:00.000000+0000,2023-11-22T21:00:00.000000+0000,117.639709,118.197263,116.976781,117.533833,185341.423,2023-11-22
CHAR,2023-11-24T14:30:00.000000+0000,2023-11-24T18:00:00.000000+0000,2023-11-24T18:00:00.000000+0000,117.343219,117.962003,117.03917,117.657141,145611.586,2023-11-24
CHAR,2023-11-27T14:30:00.000000+0000,2023-11-27T21:00:00.000000+0000,2023-11-27T21:00:00.000000+0000,117.338571,117.532371,117.016369,117.209957,165004.655,2023-11-27
CHAR,2023-11-28T14:30:00.000000+0000,2023-11-28T21:00:00.000000+0000,2023-11-28T21:00:00.000000+0000,116.771086,117.404594,116.671733,117.304786,163007.311,2023-11-28
CHAR,2023-11-29T14:30:00.000000+0000,2023-11-29T21:00:00.000000+0000,2023-11-29T21:00:00.000000+0000,117.209025,117.609891,116.928331,117.32891,135645.447,2023-11-29
CHAR,2023-11-30T14:30:00.000000+0000,2023-11-30T21:00:00.000000+0000,2023-11-30T21:00:00.000000+0000,117.496482,117.66233,117.400577,117.566368,208232.421,2023-11-30
CHAR,2023-12-01T14:30:00.000000+0000,2023-12-01T21:00:00.000000+0000,2023-12-01T21:00:00.000000+0000,117.162937,117.269256,116.914871,117.021061,173269.874,2023-12-01
CHAR,2023-12-04T14:30:00.000000+0000,2023-12-04T21:00:00.000000+0000,2023-12-04T21:00:00.000000+0000,117.410562,117.808644,117.138751,117.536542,177092.715,2023-12-04
CHAR,2023-12-05T14:30:00.000000+0000,2023-12-05T21:00:00.000000+0000,2023-12-05T21:00:00.000000+0000,117.540664,118.123382,117.426227,118.008488,151218.221,2023-12-05
CHAR,2023-12-06T14:30:00.000000+0000,2023-12-06T21:00:00.000000+0000,2023-12-06T21:00:00.000000+0000,117.722457,117.807369,117.564657,117.649517,172864.329,2023-12-06
CHAR,2023-12-07T14:30:00.000000+0000,2023-12-07T21:00:00.000000+0000,2023-12-07T21:00:00.000000+0000,117.385234,117.657516,115.526786,115.795379,133883.673,2023-12-07
CHAR,2023-12-08T14:30:00.000000+0000,2023-12-08T21:00:00.000000+0000,2023-12-08T21:00:00.000000+0000,115.864019,116.039126,115.377556,115.552192,200986.361,2023-12-08
CHAR,2023-12-11T14:30:00.000000+0000,2023-12-11T21:00:00.000000+0000,2023-12-11T21:00:00.000000+0000,115.627004,116.001148,114.21883,114.589618,145314.116,2023-12-11
CHAR,2023-12-12T14:30:00.000000+0000,2023-12-12T21:00:00.000000+0000,2023-12-12T21:00:00.000000+0000,114.602484,114.719254,113.380693,113.496336,152964.204,2023-12-12
CHAR,2023-12-13T14:30:00.000000+0000,2023-12-13T21:00:00.000000+0000,2023-12-13T21:00:00.000000+0000,113.43684,113.581374,112.301217,112.444488,135628.468,2023-12-13
CHAR,2023-12-14T14:30:00.000000+0000,2023-12-14T21:00:00.000000+0000,2023-12-14T21:00:00.000000+0000,112.126603,112.164698,111.806422,111.844421,138905.348,2023-12-14
CHAR,2023-12-15T14:30:00.000000+0000,2023-12-15T21:00:00.000000+0000,2023-12-15T21:00:00.000000+0000,111.984785,112.029747,111.481428,111.526206,132558.796,2023-12-15
CHAR,2023-12-18T14:30:00.000000+0000,2023-12-18T21:00:00.000000+0000,2023-12-18T21:00:00.000000+0000,111.925671,112.078282,110.130114,110.280482,170784.345,2023-12-18
CHAR,2023-12-19T14:30:00.000000+0000,2023-12-19T21:00:00.000000+0000,2023-12-19T21:00:00.000000+0000,110.422152,110.716154,109.680289,109.973095,129528.066,2023-12-19
CHAR,2023-12-20T14:30:00.000000+0000,2023-12-20T21:00:00.000000+0000,2023-12-20T21:00:00.000000+0000,109.922275,111.283851,109.880309,111.241382,234907.636,2023-12-20
CHAR,2023-12-21T14:30:00.000000+0000,2023-12-21T21:00:00.000000+0000,2023-12-21T21:00:00.000000+0000,110.88655,111.910063,110.780968,111.803608,139233.808,2023-12-21
CHAR,2023-12-22T14:30:00.000000+0000,2023-12-22T21:00:00.000000+0000,2023-12-22T21:00:00.000000+0000,111.468944,112.845084,111.095234,112.468024,234068.055,2023-12-22
CHAR,2023-12-26T14:30:00.000000+0000,2023-12-26T21:00:00.000000+0000,2023-12-26T21:00:00.000000+0000,112.361011,112.437369,110.724139,110.799436,116361.985,2023-12-26
CHAR,2023-12-27T14:30:00.000000+0000,2023-12-27T21:00:00.000000+0000,2023-12-27T21:00:00.000000+0000,110.745341,110.931796,110.293031,110.479037,147606.552,2023-12-27
CHAR,2023-12-28T14:30:00.000000+0000,2023-12-28T21:00:00.000000+0000,2023-12-28T21:00:00.000000+0000,110.527952,110.792685,109.861825,110.125595,170836.543,2023-12-28
CHAR,2023-12-29T14:30:00.000000+0000,2023-12-29T21:00:00.000000+0000,2023-12-29T21:00:00.000000+0000,110.055968,110.15484,109.880892,109.979695,179849.373,2023-12-29
CHAR,2024-01-02T14:30:00.000000+0000,2024-01-02T21:00:00.000000+0000,2024-01-02T21:00:00.000000+0000,109.982448,111.191513,109.664779,110.871277,183232.539,2024-01-02
CHAR,2024-01-03T14:30:00.000000+0000,2024-01-03T21:00:00.000000+0000,2024-01-03T21:00:00.000000+0000,110.556011,110.618562,108.83216,108.89377,145316.426,2024-01-03
CHAR,2024-01-04T14:30:00.000000+0000,2024-01-04T21:00:00.000000+0000,2024-01-04T21:00:00.000000+0000,108.663729,109.28592,108.364333,108.985637,171561.392,2024-01-04
CHAR,2024-01-05T14:30:00.000000+0000,2024-01-05T21:00:00.000000+0000,2024-01-05T21:00:00.000000+0000,109.225228,109.924194,108.963471,109.661392,167929.149,2024-01-05
CHAR,2024-01-08T14:30:00.000000+0000,2024-01-08T21:00:00.000000+0000,2024-01-08T21:00:00.000000+0000,109.92452,110.390697,109.653037,110.118733,164425.876,2024-01-08
CHAR,2024-01-09T14:30:00.000000+0000,2024-01-09T21:00:00.000000+0000,2024-01-09T21:00:00.000000+0000,110.444785,110.678395,108.801327,109.031949,155491.898,2024-01-09
CHAR,2024-01-10T14:30:00.000000+0000,2024-01-10T21:00:00.000000+0000,2024-01-10T21:00:00.000000+0000,108.84925,109.143472,108.389263,108.683036,195938.788,2024-01-10
CHAR,2024-01-11T14:30:00.000000+0000,2024-01-11T21:00:00.000000+0000,2024-01-11T21:00:00.000000+0000,108.67204,109.031518,106.249417,106.602048,121115.237,2024-01-11
CHAR,2024-01-12T14:30:00.000000+0000,2024-01-12T21:00:00.000000+0000,2024-01-12T21:00:00.000000+0000,106.590225,106.799131,106.138153,106.346582,145939.998,2024-01-12
CHAR,2024-01-16T14:30:00.000000+0000,2024-01-16T21:00:00.000000+0000,2024-01-16T21:00:00.000000+0000,106.853613,107.060248,106.339397,106.545435,153099.051,2024-01-16
CHAR,2024-01-17T14:30:00.000000+0000,2024-01-17T21:00:00.000000+0000,2024-01-17T21:00:00.000000+0000,106.550967,106.870117,106.550667,106.869816,145222.134,2024-01-17
CHAR,2024-01-18T14:30:00.000000+0000,2024-01-18T21:00:00.000000+0000,2024-01-18T21:00:00.000000+0000,107.079974,107.226786,106.911056,107.057838,143726.681,2024-01-18
CHAR,2024-01-19T14:30:00.000000+0000,2024-01-19T21:00:00.000000+0000,2024-01-19T21:00:00.000000+0000,107.338228,107.696765,106.345595,106.702007,175878.478,2024-01-19
CHAR,2024-01-22T14:30:00.000000+0000,2024-01-22T21:00:00.000000+0000,2024-01-22T21:00:00.000000+0000,106.604883,106.792564,105.096422,105.281773,144260.721,2024-01-22
CHAR,2024-01-23T14:30:00.000000+0000,2024-01-23T21:00:00.000000+0000,2024-01-23T21:00:00.000000+0000,105.07231,105.453004,104.971905,105.352331,148344.394,2024-01-23
CHAR,2024-01-24T14:30:00.000000+0000,2024-01-24T21:00:00.000000+0000,2024-01-24T21:00:00.000000+0000,105.134311,105.409631,105.088441,105.363662,168200.231,2024-01-24
CHAR,2024-01-25T14:30:00.000000+0000,2024-01-25T21:00:00.000000+0000,2024-01-25T21:00:00.000000+0000,105.413097,106.621148,105.022985,106.22802,147229.702,2024-01-25
CHAR,2024-01-26T14:30:00.000000+0000,2024-01-26T21:00:00.000000+0000,2024-01-26T21:00:00.000000+0000,106.290929,106.536749,105.456279,105.700735,156674.294,2024-01-26
CHAR,2024-01-29T14:30:00.000000+0000,2024-01-29T21:00:00.000000+0000,2024-01-29T21:00:00.000000+0000,105.858088,107.055702,105.564307,106.75942,170947.482,2024-01-29
CHAR,2024-01-30T14:30:00.000000+0000,2024-01-30T21:00:00.000000+0000,2024-01-30T21:00:00.000000+0000,106.704836,106.880096,105.654324,105.828144,132566.133,2024-01-30
CHAR,2024-01-31T14:30:00.000000+0000,2024-01-31T21:00:00.000000+0000,2024-01-31T21:00:00.000000+0000,105.657566,105.803162,105.34062,105.485979,137503.443,2024-01-31
CHAR,2024-02-01T14:30:00.000000+0000,2024-02-01T21:00:00.000000+0000,2024-02-01T21:00:00.000000+0000,105.57879,105.916286,104.788689,105.124734,142029.581,2024-02-01
CHAR,2024-02-02T14:30:00.000000+0000,2024-02-02T21:00:00.000000+0000,2024-02-02T21:00:00.000000+0000,105.184327,105.285924,104.707174,104.808407,155478.335,2024-02-02
CHAR,2024-02-05T14:30:00.000000+0000,2024-02-05T21:00:00.000000+0000,2024-02-05T21:00:00.000000+0000,104.663702,104.936026,102.638952,102.906705,146999.105,2024-02-05
CHAR,2024-02-06T14:30:00.000000+0000,2024-02-06T21:00:00.000000+0000,2024-02-06T21:00:00.000000+0000,103.114918,103.29581,102.402227,102.582185,147644.029,2024-02-06
CHAR,2024-02-07T14:30:00.000000+0000,2024-02-07T21:00:00.000000+0000,2024-02-07T21:00:00.000000+0000,102.325051,102.55561,101.624064,101.853561,186145.287,2024-02-07
CHAR,2024-02-08T14:30:00.000000+0000,2024-02-08T21:00:00.000000+0000,2024-02-08T21:00:00.000000+0000,101.909238,102.341214,100.650609,101.079066,201686.163,2024-02-08
CHAR,2024-02-09T14:30:00.000000+0000,2024-02-09T21:00:00.000000+0000,2024-02-09T21:00:00.000000+0000,101.016897,101.186804,99.919526,100.087871,174635.2,2024-02-09
CHAR,2024-02-12T14:30:00.000000+0000,2024-02-12T21:00:00.000000+0000,2024-02-12T21:00:00.000000+0000,99.92012,100.802527,99.603744,100.484364,171826.423,2024-02-12
CHAR,2024-02-13T14:30:00.000000+0000,2024-02-13T21:00:00.000000+0000,2024-02-13T21:00:00.000000+0000,100.535904,101.124404,100.265769,100.853415,210749.285,2024-02-13
CHAR,2024-02-14T14:30:00.000000+0000,2024-02-14T21:00:00.000000+0000,2024-02-14T21:00:00.000000+0000,100.887898,101.637396,100.697527,101.445971,204088.284,2024-02-14
CHAR,2024-02-15T14:30:00.000000+0000,2024-02-15T21:00:00.000000+0000,2024-02-15T21:00:00.000000+0000,101.642279,103.318656,101.47162,103.145472,162881.459,2024-02-15
CHAR,2024-02-16T14:30:00.000000+0000,2024-02-16T21:00:00.000000+0000,2024-02-16T21:00:00.000000+0000,103.185778,103.824155,102.942072,103.579519,132788.116,2024-02-16
CHAR,2024-02-20T14:30:00.000000+0000,2024-02-20T21:00:00.000000+0000,2024-02-20T21:00:00.000000+0000,103.25998,103.374868,102.789024,102.903515,140827.249,2024-02-20
CHAR,2024-02-21T14:30:00.000000+0000,2024-02-21T21:00:00.000000+0000,2024-02-21T21:00:00.000000+0000,102.771012,103.041784,102.445999,102.716627,158682.5,2024-02-21
CHAR,2024-02-22T14:30:00.000000+0000,2024-02-22T21:00:00.000000+0000,2024-02-22T21:00:00.000000+0000,102.756973,102.836681,102.433481,102.513,151865.975,2024-02-22
CHAR,2024-02-23T14:30:00.000000+0000,2024-02-23T21:00:00.000000+0000,2024-02-23T21:00:00.000000+0000,102.633403,102.899732,101.870252,102.135288,145992.996,2024-02-23
CHAR,2024-02-26T14:30:00.000000+0000,2024-02-26T21:00:00.000000+0000,2024-02-26T21:00:00.000000+0000,102.168311,102.635337,101.739322,102.206189,162325.736,2024-02-26
CHAR,2024-02-27T14:30:00.000000+0000,2024-02-27T21:00:00.000000+0000,2024-02-27T21:00:00.000000+0000,102.064493,102.250887,101.528833,101.714588,165020.76,2024-02-27
CHAR,2024-02-28T14:30:00.000000+0000,2024-02-28T21:00:00.000000+0000,2024-02-28T21:00:00.000000+0000,101.683836,101.884015,101.113024,101.312472,131069.498,2024-02-28
CHAR,2024-02-29T14:30:00.000000+0000,2024-02-29T21:00:00.000000+0000,2024-02-29T21:00:00.000000+0000,101.117419,101.304554,100.608715,100.795254,158769.668,2024-02-29
CHAR,2024-03-01T14:30:00.000000+0000,2024-03-01T21:00:00.000000+0000,2024-03-01T21:00:00.000000+0000,100.681115,100.864656,100.292004,100.475169,164251.198,2024-03-01
CHAR,2024-03-04T14:30:00.000000+0000,2024-03-04T21:00:00.000000+0000,2024-03-04T21:00:00.000000+0000,100.653896,100.845218,99.740192,99.930138,172795.74,2024-03-04
CHAR,2024-03-05T14:30:00.000000+0000,2024-03-05T21:00:00.000000+0000,2024-03-05T21:00:00.000000+0000,99.821893,100.078645,97.970178,98.222816,172190.99,2024-03-05
CHAR,2024-03-06T14:30:00.000000+0000,2024-03-06T21:00:00.000000+0000,2024-03-06T21:00:00.000000+0000,98.392902,98.659887,96.750947,97.014192,177781.464,2024-03-06
CHAR,2024-03-07T14:30:00.000000+0000,2024-03-07T21:00:00.000000+0000,2024-03-07T21:00:00.000000+0000,96.995096,97.212844,95.919332,96.135149,190904.072,2024-03-07
CHAR,2024-03-08T14:30:00.000000+0000,2024-03-08T21:00:00.000000+0000,2024-03-08T21:00:00.000000+0000,96.009775,96.462721,95.878089,96.330595,167244.938,2024-03-08
CHAR,2024-03-11T13:30:00.000000+0000,2024-03-11T20:00:00.000000+0000,2024-03-11T20:00:00.000000+0000,96.410603,97.841231,96.297235,97.726315,160939.793,2024-03-11
CHAR,2024-03-12T13:30:00.000000+0000,2024-03-12T20:00:00.000000+0000,2024-03-12T20:00:00.000000+0000,97.707943,97.728977,97.242067,97.263006,157481.127,2024-03-12
CHAR,2024-03-13T13:30:00.000000+0000,2024-03-13T20:00:00.000000+0000,2024-03-13T20:00:00.000000+0000,97.232404,97.808913,97.053525,97.629303,201266.895,2024-03-13
CHAR,2024-03-14T13:30:00.000000+0000,2024-03-14T20:00:00.000000+0000,2024-03-14T20:00:00.000000+0000,97.391908,97.506381,95.934471,96.047363,109992.849,2024-03-14
CHAR,2024-03-15T13:30:00.000000+0000,2024-03-15T20:00:00.000000+0000,2024-03-15T20:00:00.000000+0000,95.954982,96.108928,94.894593,95.047082,150768.892,2024-03-15
CHAR,2024-03-18T13:30:00.000000+0000,2024-03-18T20:00:00.000000+0000,2024-03-18T20:00:00.000000+0000,95.257645,95.530141,94.71247,94.984183,164666.667,2024-03-18
CHAR,2024-03-19T13:30:00.000000+0000,2024-03-19T20:00:00.000000+0000,2024-03-19T20:00:00.000000+0000,94.913778,95.298906,94.626551,95.011384,162273.153,2024-03-19
CHAR,2024-03-20T13:30:00.000000+0000,2024-03-20T20:00:00.000000+0000,2024-03-20T20:00:00.000000+0000,94.855894,95.621107,94.828979,95.593982,152329.745,2024-03-20
CHAR,2024-03-21T13:30:00.000000+0000,2024-03-21T20:00:00.000000+0000,2024-03-21T20:00:00.000000+0000,95.738261,96.325693,95.328832,95.915507,164265.87,2024-03-21
CHAR,2024-03-22T13:30:00.000000+0000,2024-03-22T20:00:00.000000+0000,2024-03-22T20:00:00.000000+0000,95.768688,95.846743,95.283124,95.360846,176803.325,2024-03-22
CHAR,2024-03-25T13:30:00.000000+0000,2024-03-25T20:00:00.000000+0000,2024-03-25T20:00:00.000000+0000,95.024296,95.26664,93.60645,93.845789,183993.69,2024-03-25
CHAR,2024-03-26T13:30:00.000000+0000,2024-03-26T20:00:00.000000+0000,2024-03-26T20:00:00.000000+0000,93.927675,94.9996,93.760452,94.830769,177148.049,2024-03-26
CHAR,2024-03-27T13:30:00.000000+0000,2024-03-27T20:00:00.000000+0000,2024-03-27T20:00:00.000000+0000,94.86319,96.149476,94.747279,96.032137,214821.311,2024-03-27
CHAR,2024-03-28T13:30:00.000000+0000,2024-03-28T20:00:00.000000+0000,2024-03-28T20:00:00.000000+0000,95.964592,96.444928,95.698218,96.177961,113233.559,2024-03-28
CHAR,2024-04-01T13:30:00.000000+0000,2024-04-01T20:00:00.000000+0000,2024-04-01T20:00:00.000000+0000,96.423498,96.757968,96.057287,96.391647,163484.762,2024-04-01
CHAR,2024-04-02T13:30:00.000000+0000,2024-04-02T20:00:00.000000+0000,2024-04-02T20:00:00.000000+0000,96.499369,96.746264,94.645258,94.888031,147795.149,2024-04-02
CHAR,2024-04-03T13:30:00.000000+0000,2024-04-03T20:00:00.000000+0000,2024-04-03T20:00:00.000000+0000,94.991861,95.105032,93.977659,94.089754,148551.423,2024-04-03
CHAR,2024-04-04T13:30:00.000000+0000,2024-04-04T20:00:00.000000+0000,2024-04-04T20:00:00.000000+0000,94.301822,94.582337,93.867915,94.147973,146392.064,2024-04-04
CHAR,2024-04-05T13:30:00.000000+0000,2024-04-05T20:00:00.000000+0000,2024-04-05T20:00:00.000000+0000,94.009844,94.137171,93.049612,93.17581,181660.699,2024-04-05
CHAR,2024-04-08T13:30:00.000000+0000,2024-04-08T20:00:00.000000+0000,2024-04-08T20:00:00.000000+0000,92.989461,93.208611,91.503862,91.720019,182048.247,2024-04-08
CHAR,2024-04-09T13:30:00.000000+0000,2024-04-09T20:00:00.000000+0000,2024-04-09T20:00:00.000000+0000,91.703832,92.117807,91.427797,91.841359,155492.608,2024-04-09
CHAR,2024-04-10T13:30:00.000000+0000,2024-04-10T20:00:00.000000+0000,2024-04-10T20:00:00.000000+0000,91.802077,92.784942,91.708186,92.690143,189581.938,2024-04-10
CHAR,2024-04-11T13:30:00.000000+0000,2024-04-11T20:00:00.000000+0000,2024-04-11T20:00:00.000000+0000,92.548045,93.387268,92.330578,93.168343,161023.016,2024-04-11
CHAR,2024-04-12T13:30:00.000000+0000,2024-04-12T20:00:00.000000+0000,2024-04-12T20:00:00.000000+0000,92.972171,93.128973,92.842857,92.99962,200271.823,2024-04-12
CHAR,2024-04-15T13:30:00.000000+0000,2024-04-15T20:00:00.000000+0000,2024-04-15T20:00:00.000000+0000,93.037129,93.977815,92.944943,93.884789,170382.169,2024-04-15
CHAR,2024-04-16T13:30:00.000000+0000,2024-04-16T20:00:00.000000+0000,2024-04-16T20:00:00.000000+0000,93.857353,95.077174,93.345451,94.561431,169866.579,2024-04-16
CHAR,2024-04-17T13:30:00.000000+0000,2024-04-17T20:00:00.000000+0000,2024-04-17T20:00:00.000000+0000,94.489446,94.876747,94.16629,94.553371,123481.247,2024-04-17
CHAR,2024-04-18T13:30:00.000000+0000,2024-04-18T20:00:00.000000+0000,2024-04-18T20:00:00.000000+0000,94.571208,95.350095,94.19345,94.970741,159942.572,2024-04-18
CHAR,2024-04-19T13:30:00.000000+0000,2024-04-19T20:00:00.000000+0000,2024-04-19T20:00:00.000000+0000,94.641515,94.837366,94.489703,94.685483,202435.725,2024-04-19
CHAR,2024-04-22T13:30:00.000000+0000,2024-04-22T20:00:00.000000+0000,2024-04-22T20:00:00.000000+0000,94.7567,96.70977,94.646674,96.597607,146856.85,2024-04-22
CHAR,2024-04-23T13:30:00.000000+0000,2024-04-23T20:00:00.000000+0000,2024-04-23T20:00:00.000000+0000,96.489475,97.780401,96.261644,97.550066,198934.205,2024-04-23
CHAR,2024-04-24T13:30:00.000000+0000,2024-04-24T20:00:00.000000+0000,2024-04-24T20:00:00.000000+0000,97.755394,98.333673,97.515306,98.092756,133286.108,2024-04-24
CHAR,2024-04-25T13:30:00.000000+0000,2024-04-25T20:00:00.000000+0000,2024-04-25T20:00:00.000000+0000,97.832235,98.080069,97.236372,97.483321,133009.966,2024-04-25
CHAR,2024-04-26T13:30:00.000000+0000,2024-04-26T20:00:00.000000+0000,2024-04-26T20:00:00.000000+0000,97.439343,98.029231,97.214829,97.803876,137222.764,2024-04-26
CHAR,2024-04-29T13:30:00.000000+0000,2024-04-29T20:00:00.000000+0000,2024-04-29T20:00:00.000000+0000,97.603523,99.172311,97.417502,98.98366,175526.892,2024-04-29
CHAR,2024-04-30T13:30:00.000000+0000,2024-04-30T20:00:00.000000+0000,2024-04-30T20:00:00.000000+0000,99.193806,99.46854,98.935203,99.209895,164562.956,2024-04-30
CHAR,2024-05-01T13:30:00.000000+0000,2024-05-01T20:00:00.000000+0000,2024-05-01T20:00:00.000000+0000,99.061835,99.903031,98.969797,99.810298,150748.541,2024-05-01
CHAR,2024-05-02T13:30:00.000000+0000,2024-05-02T20:00:00.000000+0000,2024-05-02T20:00:00.000000+0000,99.89213,100.12554,99.254979,99.487444,118778.382,2024-05-02
CHAR,2024-05-03T13:30:00.000000+0000,2024-05-03T20:00:00.000000+0000,2024-05-03T20:00:00.000000+0000,99.331114,100.542979,99.012806,100.221818,164700.221,2024-05-03
CHAR,2024-05-06T13:30:00.000000+0000,2024-05-06T20:00:00.000000+0000,2024-05-06T20:00:00.000000+0000,99.937787,100.373098,98.135812,98.565144,162049.762,2024-05-06
CHAR,2024-05-07T13:30:00.000000+0000,2024-05-07T20:00:00.000000+0000,2024-05-07T20:00:00.000000+0000,98.640908,98.877599,98.235624,98.47191,154023.533,2024-05-07
CHAR,2024-05-08T13:30:00.000000+0000,2024-05-08T20:00:00.000000+0000,2024-05-08T20:00:00.000000+0000,98.328619,98.733898,97.907123,98.312334,189185.043,2024-05-08
CHAR,2024-05-09T13:30:00.000000+0000,2024-05-09T20:00:00.000000+0000,2024-05-09T20:00:00.000000+0000,98.473947,98.727645,98.075987,98.329312,140014.657,2024-05-09
CHAR,2024-05-10T13:30:00.000000+0000,2024-05-10T20:00:00.000000+0000,2024-05-10T20:00:00.000000+0000,98.580549,98.694594,98.30962,98.423483,169819.777,2024-05-10
CHAR,2024-05-13T13:30:00.000000+0000,2024-05-13T20:00:00.000000+0000,2024-05-13T20:00:00.000000+0000,98.100774,99.161841,98.096766,99.15779,170713.788,2024-05-13
CHAR,2024-05-14T13:30:00.000000+0000,2024-05-14T20:00:00.000000+0000,2024-05-14T20:00:00.000000+0000,98.997333,100.376857,98.996261,100.37577,176502.695,2024-05-14
CHAR,2024-05-15T13:30:00.000000+0000,2024-05-15T20:00:00.000000+0000,2024-05-15T20:00:00.000000+0000,100.801379,101.982638,100.459707,101.638129,156592.523,2024-05-15
CHAR,2024-05-16T13:30:00.000000+0000,2024-05-16T20:00:00.000000+0000,2024-05-16T20:00:00.000000+0000,101.639927,102.038541,101.346421,101.744732,192590.067,2024-05-16
CHAR,2024-05-17T13:30:00.000000+0000,2024-05-17T20:00:00.000000+0000,2024-05-17T20:00:00.000000+0000,101.674826,102.035024,101.468002,101.827888,170261.747,2024-05-17
CHAR,2024-05-20T13:30:00.000000+0000,2024-05-20T20:00:00.000000+0000,2024-05-20T20:00:00.000000+0000,101.940688,102.131003,101.271644,101.461064,159849.37,2024-05-20
CHAR,2024-05-21T13:30:00.000000+0000,2024-05-21T20:00:00.000000+0000,2024-05-21T20:00:00.000000+0000,101.741063,102.067603,101.200909,101.526761,174837.384,2024-05-21
CHAR,2024-05-22T13:30:00.000000+0000,2024-05-22T20:00:00.000000+0000,2024-05-22T20:00:00.000000+0000,101.875833,102.040215,100.98827,101.151484,207616.108,2024-05-22
CHAR,2024-05-23T13:30:00.000000+0000,2024-05-23T20:00:00.000000+0000,2024-05-23T20:00:00.000000+0000,101.261236,101.794987,100.645514,101.17883,136097.621,2024-05-23
CHAR,2024-05-24T13:30:00.000000+0000,2024-05-24T20:00:00.000000+0000,2024-05-24T20:00:00.000000+0000,101.039336,101.28373,99.987832,100.230269,172747.299,2024-05-24
CHAR,2024-05-28T13:30:00.000000+0000,2024-05-28T20:00:00.000000+0000,2024-05-28T20:00:00.000000+0000,100.621195,100.755185,100.290489,100.424217,186416.329,2024-05-28
CHAR,2024-05-29T13:30:00.000000+0000,2024-05-29T20:00:00.000000+0000,2024-05-29T20:00:00.000000+0000,100.657695,100.929939,99.961945,100.23304,140906.32,2024-05-29
CHAR,2024-05-30T13:30:00.000000+0000,2024-05-30T20:00:00.000000+0000,2024-05-30T20:00:00.000000+0000,100.515248,100.839844,99.883802,100.207404,178071.009,2024-05-30
CHAR,2024-05-31T13:30:00.000000+0000,2024-05-31T20:00:00.000000+0000,2024-05-31T20:00:00.000000+0000,100.248358,101.672834,100.025195,101.447002,160843.904,2024-05-31
CHAR,2024-06-03T13:30:00.000000+0000,2024-06-03T20:00:00.000000+0000,2024-06-03T20:00:00.000000+0000,101.577013,101.962061,101.370696,101.755383,143303.674,2024-06-03
CHAR,2024-06-04T13:30:00.000000+0000,2024-06-04T20:00:00.000000+0000,2024-06-04T20:00:00.000000+0000,101.541983,102.388094,101.415262,102.260476,168269.112,2024-06-04
CHAR,2024-06-05T13:30:00.000000+0000,2024-06-05T20:00:00.000000+0000,2024-06-05T20:00:00.000000+0000,102.254963,102.551061,102.028433,102.324377,175452.209,2024-06-05
CHAR,2024-06-06T13:30:00.000000+0000,2024-06-06T20:00:00.000000+0000,2024-06-06T20:00:00.000000+0000,102.195997,103.01897,101.84182,102.663175,156348.595,2024-06-06
CHAR,2024-06-07T13:30:00.000000+0000,2024-06-07T20:00:00.000000+0000,2024-06-07T20:00:00.000000+0000,102.574181,103.03143,102.319552,102.7763,123565.106,2024-06-07
CHAR,2024-06-10T13:30:00.000000+0000,2024-06-10T20:00:00.000000+0000,2024-06-10T20:00:00.000000+0000,102.613804,102.919703,102.093894,102.399153,125415.4,2024-06-10
CHAR,2024-06-11T13:30:00.000000+0000,2024-06-11T20:00:00.000000+0000,2024-06-11T20:00:00.000000+0000,102.628031,103.078589,102.26769,102.717932,153980.569,2024-06-11
CHAR,2024-06-12T13:30:00.000000+0000,2024-06-12T20:00:00.000000+0000,2024-06-12T20:00:00.000000+0000,102.777881,103.098454,102.405804,102.726216,151748.773,2024-06-12
CHAR,2024-06-13T13:30:00.000000+0000,2024-06-13T20:00:00.000000+0000,2024-06-13T20:00:00.000000+0000,102.904502,103.041247,102.050658,102.186449,151502.841,2024-06-13
CHAR,2024-06-14T13:30:00.000000+0000,2024-06-14T20:00:00.000000+0000,2024-06-14T20:00:00.000000+0000,102.023086,102.26209,101.095883,101.333271,193628.249,2024-06-14
CHAR,2024-06-17T13:30:00.000000+0000,2024-06-17T20:00:00.000000+0000,2024-06-17T20:00:00.000000+0000,101.295957,101.369777,99.782804,99.855574,138357.193,2024-06-17
CHAR,2024-06-18T13:30:00.000000+0000,2024-06-18T20:00:00.000000+0000,2024-06-18T20:00:00.000000+0000,99.93438,100.67923,99.55022,100.293689,172656.396,2024-06-18
CHAR,2024-06-20T13:30:00.000000+0000,2024-06-20T20:00:00.000000+0000,2024-06-20T20:00:00.000000+0000,100.216083,101.880252,99.938867,101.59921,157011.637,2024-06-20
CHAR,2024-06-21T13:30:00.000000+0000,2024-06-21T20:00:00.000000+0000,2024-06-21T20:00:00.000000+0000,101.522343,103.905832,101.416603,103.797723,201041.639,2024-06-21
CHAR,2024-06-24T13:30:00.000000+0000,2024-06-24T20:00:00.000000+0000,2024-06-24T20:00:00.000000+0000,103.270595,103.559531,102.906937,103.195664,151818.083,2024-06-24
CHAR,2024-06-25T13:30:00.000000+0000,2024-06-25T20:00:00.000000+0000,2024-06-25T20:00:00.000000+0000,103.110973,103.894097,102.730255,103.511898,146221.86,2024-06-25
CHAR,2024-06-26T13:30:00.000000+0000,2024-06-26T20:00:00.000000+0000,2024-06-26T20:00:00.000000+0000,103.371108,103.994066,103.177845,103.8,173178.322,2024-06-26
CHAR,2024-06-27T13:30:00.000000+0000,2024-06-27T20:00:00.000000+0000,2024-06-27T20:00:00.000000+0000,103.708271,103.752466,101.867882,101.91131,142935.002,2024-06-27
CHAR,2024-06-28T13:30:00.000000+0000,2024-06-28T20:00:00.000000+0000,2024-06-28T20:00:00.000000+0000,102.172475,102.38446,101.451996,101.662924,174148.401,2024-06-28
CHAR,2024-07-01T13:30:00.000000+0000,2024-07-01T20:00:00.000000+0000,2024-07-01T20:00:00.000000+0000,101.60977,102.608837,101.473562,102.471474,209323.34,2024-07-01
CHAR,2024-07-02T13:30:00.000000+0000,2024-07-02T20:00:00.000000+0000,2024-07-02T20:00:00.000000+0000,102.432905,103.638324,102.273455,103.477248,191840.841,2024-07-02
CHAR,2024-07-03T13:30:00.000000+0000,2024-07-03T17:00:00.000000+0000,2024-07-03T17:00:00.000000+0000,103.327752,103.472956,101.965259,102.108749,163005.138,2024-07-03
CHAR,2024-07-05T13:30:00.000000+0000,2024-07-05T20:00:00.000000+0000,2024-07-05T20:00:00.000000+0000,102.108804,102.353984,101.878078,102.123225,222737.753,2024-07-05
CHAR,2024-07-08T13:30:00.000000+0000,2024-07-08T20:00:00.000000+0000,2024-07-08T20:00:00.000000+0000,102.191903,102.230537,99.62908,99.666759,170918.966,2024-07-08
CHAR,2024-07-09T13:30:00.000000+0000,2024-07-09T20:00:00.000000+0000,2024-07-09T20:00:00.000000+0000,99.67431,99.877989,99.26096,99.46421,168871.288,2024-07-09
CHAR,2024-07-10T13:30:00.000000+0000,2024-07-10T20:00:00.000000+0000,2024-07-10T20:00:00.000000+0000,99.458505,99.753657,99.264821,99.559776,178430.889,2024-07-10
CHAR,2024-07-11T13:30:00.000000+0000,2024-07-11T20:00:00.000000+0000,2024-07-11T20:00:00.000000+0000,99.451837,99.556492,99.077505,99.181875,256162.482,2024-07-11
CHAR,2024-07-12T13:30:00.000000+0000,2024-07-12T20:00:00.000000+0000,2024-07-12T20:00:00.000000+0000,99.039875,99.247873,98.064542,98.270925,130046.969,2024-07-12
CHAR,2024-07-15T13:30:00.000000+0000,2024-07-15T20:00:00.000000+0000,2024-07-15T20:00:00.000000+0000,98.293816,98.88557,98.188959,98.780194,152303.277,2024-07-15
CHAR,2024-07-16T13:30:00.000000+0000,2024-07-16T20:00:00.000000+0000,2024-07-16T20:00:00.000000+0000,98.986658,99.231354,98.361334,98.605087,177240.249,2024-07-16
CHAR,2024-07-17T13:30:00.000000+0000,2024-07-17T20:00:00.000000+0000,2024-07-17T20:00:00.000000+0000,98.255787,98.632785,97.857725,98.234641,136109.883,2024-07-17
CHAR,2024-07-18T13:30:00.000000+0000,2024-07-18T20:00:00.000000+0000,2024-07-18T20:00:00.000000+0000,98.534957,100.543462,98.237229,100.240581,177477.641,2024-07-18
CHAR,2024-07-19T13:30:00.000000+0000,2024-07-19T20:00:00.000000+0000,2024-07-19T20:00:00.000000+0000,100.069172,100.28448,99.795818,100.011,151654.743,2024-07-19
CHAR,2024-07-22T13:30:00.000000+0000,2024-07-22T20:00:00.000000+0000,2024-07-22T20:00:00.000000+0000,100.016809,100.191851,99.681566,99.856327,119875.433,2024-07-22
CHAR,2024-07-23T13:30:00.000000+0000,2024-07-23T20:00:00.000000+0000,2024-07-23T20:00:00.000000+0000,100.080362,101.477668,99.888318,101.283316,151339.349,2024-07-23
CHAR,2024-07-24T13:30:00.000000+0000,2024-07-24T20:00:00.000000+0000,2024-07-24T20:00:00.000000+0000,101.169813,103.126827,100.931208,102.884179,142334.692,2024-07-24
CHAR,2024-07-25T13:30:00.000000+0000,2024-07-25T20:00:00.000000+0000,2024-07-25T20:00:00.000000+0000,102.420135,102.666674,101.372113,101.616718,175934.219,2024-07-25
CHAR,2024-07-26T13:30:00.000000+0000,2024-07-26T20:00:00.000000+0000,2024-07-26T20:00:00.000000+0000,101.576146,101.662698,100.556254,100.64201,164940.541,2024-07-26
CHAR,2024-07-29T13:30:00.000000+0000,2024-07-29T20:00:00.000000+0000,2024-07-29T20:00:00.000000+0000,100.347223,100.444838,99.880775,99.97803,145422.025,2024-07-29
CHAR,2024-07-30T13:30:00.000000+0000,2024-07-30T20:00:00.000000+0000,2024-07-30T20:00:00.000000+0000,100.146781,101.126148,99.982802,100.960836,152180.111,2024-07-30
CHAR,2024-07-31T13:30:00.000000+0000,2024-07-31T20:00:00.000000+0000,2024-07-31T20:00:00.000000+0000,101.355531,101.593966,100.718928,100.956424,171244.763,2024-07-31
CHAR,2024-08-01T13:30:00.000000+0000,2024-08-01T20:00:00.000000+0000,2024-08-01T20:00:00.000000+0000,100.881777,101.772094,100.740177,101.629444,117247.11,2024-08-01
CHAR,2024-08-02T13:30:00.000000+0000,2024-08-02T20:00:00.000000+0000,2024-08-02T20:00:00.000000+0000,101.826349,102.508688,101.577047,102.258328,158439.025,2024-08-02
CHAR,2024-08-05T13:30:00.000000+0000,2024-08-05T20:00:00.000000+0000,2024-08-05T20:00:00.000000+0000,102.230263,103.391109,101.950546,103.108988,128900.168,2024-08-05
CHAR,2024-08-06T13:30:00.000000+0000,2024-08-06T20:00:00.000000+0000,2024-08-06T20:00:00.000000+0000,102.987344,103.541108,102.898394,103.451757,212293.789,2024-08-06
CHAR,2024-08-07T13:30:00.000000+0000,2024-08-07T20:00:00.000000+0000,2024-08-07T20:00:00.000000+0000,103.632933,103.653939,103.404902,103.425865,129694.343,2024-08-07
CHAR,2024-08-08T13:30:00.000000+0000,2024-08-08T20:00:00.000000+0000,2024-08-08T20:00:00.000000+0000,103.398489,103.556437,102.828481,102.985798,133431.387,2024-08-08
CHAR,2024-08-09T13:30:00.000000+0000,2024-08-09T20:00:00.000000+0000,2024-08-09T20:00:00.000000+0000,103.386363,103.625448,102.873428,103.111879,174769.361,2024-08-09
CHAR,2024-08-12T13:30:00.000000+0000,2024-08-12T20:00:00.000000+0000,2024-08-12T20:00:00.000000+0000,102.969169,103.928969,102.688858,103.646814,153727.231,2024-08-12
CHAR,2024-08-13T13:30:00.000000+0000,2024-08-13T20:00:00.000000+0000,2024-08-13T20:00:00.000000+0000,103.588078,104.404346,103.31761,104.132456,127471.79,2024-08-13
CHAR,2024-08-14T13:30:00.000000+0000,2024-08-14T20:00:00.000000+0000,2024-08-14T20:00:00.000000+0000,104.46506,104.693044,103.182955,103.408633,197233.115,2024-08-14
CHAR,2024-08-15T13:30:00.000000+0000,2024-08-15T20:00:00.000000+0000,2024-08-15T20:00:00.000000+0000,103.186218,103.684673,103.075103,103.573141,136723.37,2024-08-15
CHAR,2024-08-16T13:30:00.000000+0000,2024-08-16T20:00:00.000000+0000,2024-08-16T20:00:00.000000+0000,103.62499,105.469338,103.410902,105.25189,151802.897,2024-08-16
CHAR,2024-08-19T13:30:00.000000+0000,2024-08-19T20:00:00.000000+0000,2024-08-19T20:00:00.000000+0000,105.038424,105.11546,104.953309,105.030338,161575.437,2024-08-19
CHAR,2024-08-20T13:30:00.000000+0000,2024-08-20T20:00:00.000000+0000,2024-08-20T20:00:00.000000+0000,104.932537,105.574391,104.794614,105.435807,205266.297,2024-08-20
CHAR,2024-08-21T13:30:00.000000+0000,2024-08-21T20:00:00.000000+0000,2024-08-21T20:00:00.000000+0000,105.418446,106.155862,105.073724,105.809859,150243.437,2024-08-21
CHAR,2024-08-22T13:30:00.000000+0000,2024-08-22T20:00:00.000000+0000,2024-08-22T20:00:00.000000+0000,105.861659,106.067509,105.013498,105.218097,126166.363,2024-08-22
CHAR,2024-08-23T13:30:00.000000+0000,2024-08-23T20:00:00.000000+0000,2024-08-23T20:00:00.000000+0000,105.518672,105.715448,105.233796,105.430408,182036.543,2024-08-23
CHAR,2024-08-26T13:30:00.000000+0000,2024-08-26T20:00:00.000000+0000,2024-08-26T20:00:00.000000+0000,105.271834,105.465024,104.400819,104.592763,142910.258,2024-08-26
CHAR,2024-08-27T13:30:00.000000+0000,2024-08-27T20:00:00.000000+0000,2024-08-27T20:00:00.000000+0000,104.851316,105.09367,104.17394,104.415287,171967.026,2024-08-27
CHAR,2024-08-28T13:30:00.000000+0000,2024-08-28T20:00:00.000000+0000,2024-08-28T20:00:00.000000+0000,104.698917,106.953109,104.368452,106.616591,182554.015,2024-08-28
CHAR,2024-08-29T13:30:00.000000+0000,2024-08-29T20:00:00.000000+0000,2024-08-29T20:00:00.000000+0000,106.313431,107.632793,106.174765,107.492588,140002.671,2024-08-29
CHAR,2024-08-30T13:30:00.000000+0000,2024-08-30T20:00:00.000000+0000,2024-08-30T20:00:00.000000+0000,107.648997,107.933789,107.415329,107.700009,132114.353,2024-08-30
CHAR,2024-09-03T13:30:00.000000+0000,2024-09-03T20:00:00.000000+0000,2024-09-03T20:00:00.000000+0000,107.659354,107.713817,107.448395,107.502779,161462.23,2024-09-03
CHAR,2024-09-04T13:30:00.000000+0000,2024-09-04T20:00:00.000000+0000,2024-09-04T20:00:00.000000+0000,107.146865,107.417821,106.186553,106.455761,172248.657,2024-09-04
CHAR,2024-09-05T13:30:00.000000+0000,2024-09-05T20:00:00.000000+0000,2024-09-05T20:00:00.000000+0000,106.861985,107.904248,106.557656,107.597823,152750.761,2024-09-05
CHAR,2024-09-06T13:30:00.000000+0000,2024-09-06T20:00:00.000000+0000,2024-09-06T20:00:00.000000+0000,107.773868,108.437539,107.708952,108.372262,140875.121,2024-09-06
CHAR,2024-09-09T13:30:00.000000+0000,2024-09-09T20:00:00.000000+0000,2024-09-09T20:00:00.000000+0000,108.444469,108.46163,108.260828,108.277963,161850.101,2024-09-09
CHAR,2024-09-10T13:30:00.000000+0000,2024-09-10T20:00:00.000000+0000,2024-09-10T20:00:00.000000+0000,108.057019,108.28408,106.817687,107.042616,138460.387,2024-09-10
CHAR,2024-09-11T13:30:00.000000+0000,2024-09-11T20:00:00.000000+0000,2024-09-11T20:00:00.000000+0000,107.133441,107.721214,106.917104,107.504128,200798.036,2024-09-11
CHAR,2024-09-12T13:30:00.000000+0000,2024-09-12T20:00:00.000000+0000,2024-09-12T20:00:00.000000+0000,107.505576,107.637954,106.639961,106.771435,156837.752,2024-09-12
CHAR,2024-09-13T13:30:00.000000+0000,2024-09-13T20:00:00.000000+0000,2024-09-13T20:00:00.000000+0000,106.484383,106.740599,104.995798,105.249042,177811.19,2024-09-13
CHAR,2024-09-16T13:30:00.000000+0000,2024-09-16T20:00:00.000000+0000,2024-09-16T20:00:00.000000+0000,105.768803,106.646301,105.623036,106.499528,156346.631,2024-09-16
CHAR,2024-09-17T13:30:00.000000+0000,2024-09-17T20:00:00.000000+0000,2024-09-17T20:00:00.000000+0000,106.376892,107.030679,106.141574,106.794437,172345.003,2024-09-17
CHAR,2024-09-18T13:30:00.000000+0000,2024-09-18T20:00:00.000000+0000,2024-09-18T20:00:00.000000+0000,106.783037,107.112604,105.654248,105.98134,148368.315,2024-09-18
CHAR,2024-09-19T13:30:00.000000+0000,2024-09-19T20:00:00.000000+0000,2024-09-19T20:00:00.000000+0000,106.190373,106.459937,104.783401,105.05007,162461.367,2024-09-19
CHAR,2024-09-20T13:30:00.000000+0000,2024-09-20T20:00:00.000000+0000,2024-09-20T20:00:00.000000+0000,104.983902,105.448631,104.402894,104.867105,143982.739,2024-09-20
CHAR,2024-09-23T13:30:00.000000+0000,2024-09-23T20:00:00.000000+0000,2024-09-23T20:00:00.000000+0000,104.929592,105.911308,104.798453,105.779107,212743.632,2024-09-23
CHAR,2024-09-24T13:30:00.000000+0000,2024-09-24T20:00:00.000000+0000,2024-09-24T20:00:00.000000+0000,105.966722,106.106773,105.813316,105.95335,175762.556,2024-09-24
CHAR,2024-09-25T13:30:00.000000+0000,2024-09-25T20:00:00.000000+0000,2024-09-25T20:00:00.000000+0000,106.007957,107.887456,105.850707,107.727655,182357.556,2024-09-25
CHAR,2024-09-26T13:30:00.000000+0000,2024-09-26T20:00:00.000000+0000,2024-09-26T20:00:00.000000+0000,107.811533,108.050411,106.268692,106.504674,161734.607,2024-09-26
CHAR,2024-09-27T13:30:00.000000+0000,2024-09-27T20:00:00.000000+0000,2024-09-27T20:00:00.000000+0000,106.596493,107.009467,106.358848,106.771433,164203.863,2024-09-27
CHAR,2024-09-30T13:30:00.000000+0000,2024-09-30T20:00:00.000000+0000,2024-09-30T20:00:00.000000+0000,106.634548,107.028431,105.509107,105.900278,139028.887,2024-09-30
CHAR,2024-10-01T13:30:00.000000+0000,2024-10-01T20:00:00.000000+0000,2024-10-01T20:00:00.000000+0000,105.990852,106.956951,105.812813,106.777591,211913.212,2024-10-01
CHAR,2024-10-02T13:30:00.000000+0000,2024-10-02T20:00:00.000000+0000,2024-10-02T20:00:00.000000+0000,106.584647,106.719449,106.029122,106.163391,140719.987,2024-10-02
CHAR,2024-10-03T13:30:00.000000+0000,2024-10-03T20:00:00.000000+0000,2024-10-03T20:00:00.000000+0000,106.232071,106.298674,105.685698,105.751999,151481.794,2024-10-03
CHAR,2024-10-04T13:30:00.000000+0000,2024-10-04T20:00:00.000000+0000,2024-10-04T20:00:00.000000+0000,105.296766,105.532675,104.755314,104.990537,150989.831,2024-10-04
CHAR,2024-10-07T13:30:00.000000+0000,2024-10-07T20:00:00.000000+0000,2024-10-07T20:00:00.000000+0000,104.678073,106.143003,104.355077,105.816495,133766.359,2024-10-07
CHAR,2024-10-08T13:30:00.000000+0000,2024-10-08T20:00:00.000000+0000,2024-10-08T20:00:00.000000+0000,105.985154,106.122825,105.176664,105.313462,206950.664,2024-10-08
CHAR,2024-10-09T13:30:00.000000+0000,2024-10-09T20:00:00.000000+0000,2024-10-09T20:00:00.000000+0000,105.471338,106.003885,105.366715,105.898838,141837.543,2024-10-09
CHAR,2024-10-10T13:30:00.000000+0000,2024-10-10T20:00:00.000000+0000,2024-10-10T20:00:00.000000+0000,106.027087,106.288594,105.842852,106.104225,158672.661,2024-10-10
CHAR,2024-10-11T13:30:00.000000+0000,2024-10-11T20:00:00.000000+0000,2024-10-11T20:00:00.000000+0000,106.374205,106.507312,106.049672,106.18254,164998.897,2024-10-11
CHAR,2024-10-14T13:30:00.000000+0000,2024-10-14T20:00:00.000000+0000,2024-10-14T20:00:00.000000+0000,106.385269,106.684118,105.062624,105.358589,158904.409,2024-10-14
CHAR,2024-10-15T13:30:00.000000+0000,2024-10-15T20:00:00.000000+0000,2024-10-15T20:00:00.000000+0000,105.297711,106.157277,105.270209,106.129557,138907.462,2024-10-15
CHAR,2024-10-16T13:30:00.000000+0000,2024-10-16T20:00:00.000000+0000,2024-10-16T20:00:00.000000+0000,106.197132,107.85398,105.999381,107.653516,164594.321,2024-10-16
CHAR,2024-10-17T13:30:00.000000+0000,2024-10-17T20:00:00.000000+0000,2024-10-17T20:00:00.000000+0000,107.877275,107.964944,107.664319,107.751887,157089.809,2024-10-17
CHAR,2024-10-18T13:30:00.000000+0000,2024-10-18T20:00:00.000000+0000,2024-10-18T20:00:00.000000+0000,107.792555,109.362513,107.652873,109.22098,201737.286,2024-10-18
CHAR,2024-10-21T13:30:00.000000+0000,2024-10-21T20:00:00.000000+0000,2024-10-21T20:00:00.000000+0000,109.419453,109.919805,109.168868,109.668649,213018.6,2024-10-21
CHAR,2024-10-22T13:30:00.000000+0000,2024-10-22T20:00:00.000000+0000,2024-10-22T20:00:00.000000+0000,109.339885,109.55772,108.629995,108.846847,171948.544,2024-10-22
CHAR,2024-10-23T13:30:00.000000+0000,2024-10-23T20:00:00.000000+0000,2024-10-23T20:00:00.000000+0000,108.647754,110.651943,108.397787,110.397949,137862.574,2024-10-23
CHAR,2024-10-24T13:30:00.000000+0000,2024-10-24T20:00:00.000000+0000,2024-10-24T20:00:00.000000+0000,110.550421,110.888466,109.371871,109.707338,169540.991,2024-10-24
CHAR,2024-10-25T13:30:00.000000+0000,2024-10-25T20:00:00.000000+0000,2024-10-25T20:00:00.000000+0000,109.300807,110.544842,109.187876,110.430744,177141.92,2024-10-25
CHAR,2024-10-28T13:30:00.000000+0000,2024-10-28T20:00:00.000000+0000,2024-10-28T20:00:00.000000+0000,110.435426,110.512069,110.02361,110.100019,196108.736,2024-10-28
CHAR,2024-10-29T13:30:00.000000+0000,2024-10-29T20:00:00.000000+0000,2024-10-29T20:00:00.000000+0000,110.130111,110.260166,109.916827,110.046784,188951.064,2024-10-29
CHAR,2024-10-30T13:30:00.000000+0000,2024-10-30T20:00:00.000000+0000,2024-10-30T20:00:00.000000+0000,109.897662,110.041798,109.610071,109.754018,171742.733,2024-10-30
CHAR,2024-10-31T13:30:00.000000+0000,2024-10-31T20:00:00.000000+0000,2024-10-31T20:00:00.000000+0000,110.144971,111.557654,109.745851,111.154875,171777.742,2024-10-31
CHAR,2024-11-01T13:30:00.000000+0000,2024-11-01T20:00:00.000000+0000,2024-11-01T20:00:00.000000+0000,111.257668,111.568243,109.680458,109.987488,134787.191,2024-11-01
CHAR,2024-11-04T14:30:00.000000+0000,2024-11-04T21:00:00.000000+0000,2024-11-04T21:00:00.000000+0000,110.129184,111.241998,109.989769,111.101351,170718.573,2024-11-04
CHAR,2024-11-05T14:30:00.000000+0000,2024-11-05T21:00:00.000000+0000,2024-11-05T21:00:00.000000+0000,111.050808,111.328569,110.745639,111.023331,165663.768,2024-11-05
CHAR,2024-11-06T14:30:00.000000+0000,2024-11-06T21:00:00.000000+0000,2024-11-06T21:00:00.000000+0000,110.340975,110.581396,110.008362,110.248581,179211.678,2024-11-06
CHAR,2024-11-07T14:30:00.000000+0000,2024-11-07T21:00:00.000000+0000,2024-11-07T21:00:00.000000+0000,110.346907,110.923949,110.137534,110.713879,208214.537,2024-11-07
CHAR,2024-11-08T14:30:00.000000+0000,2024-11-08T21:00:00.000000+0000,2024-11-08T21:00:00.000000+0000,110.782826,113.121048,110.512774,112.845967,190360.283,2024-11-08
CHAR,2024-11-11T14:30:00.000000+0000,2024-11-11T21:00:00.000000+0000,2024-11-11T21:00:00.000000+0000,112.927801,114.667978,112.803357,114.541755,112899.056,2024-11-11
CHAR,2024-11-12T14:30:00.000000+0000,2024-11-12T21:00:00.000000+0000,2024-11-12T21:00:00.000000+0000,114.432454,114.748396,113.61904,113.933605,154358.879,2024-11-12
CHAR,2024-11-13T14:30:00.000000+0000,2024-11-13T21:00:00.000000+0000,2024-11-13T21:00:00.000000+0000,114.116167,114.361372,113.030937,113.274332,197443.927,2024-11-13
CHAR,2024-11-14T14:30:00.000000+0000,2024-11-14T21:00:00.000000+0000,2024-11-14T21:00:00.000000+0000,113.207451,113.486804,112.535155,112.813535,175585.742,2024-11-14
CHAR,2024-11-15T14:30:00.000000+0000,2024-11-15T21:00:00.000000+0000,2024-11-15T21:00:00.000000+0000,113.152337,113.450702,113.119142,113.41743,151939.662,2024-11-15
CHAR,2024-11-18T14:30:00.000000+0000,2024-11-18T21:00:00.000000+0000,2024-11-18T21:00:00.000000+0000,113.609903,115.49003,113.207054,115.081961,168722.516,2024-11-18
CHAR,2024-11-19T14:30:00.000000+0000,2024-11-19T21:00:00.000000+0000,2024-11-19T21:00:00.000000+0000,115.014591,116.302783,114.697482,115.983004,185406.391,2024-11-19
CHAR,2024-11-20T14:30:00.000000+0000,2024-11-20T21:00:00.000000+0000,2024-11-20T21:00:00.000000+0000,115.899575,116.169656,115.44513,115.714781,194284.545,2024-11-20
CHAR,2024-11-21T14:30:00.000000+0000,2024-11-21T21:00:00.000000+0000,2024-11-21T21:00:00.000000+0000,116.152289,116.470849,115.142052,115.45871,163835.939,2024-11-21
CHAR,2024-11-22T14:30:00.000000+0000,2024-11-22T21:00:00.000000+0000,2024-11-22T21:00:00.000000+0000,115.446223,115.741465,114.767917,115.062177,159955.203,2024-11-22
CHAR,2024-11-25T14:30:00.000000+0000,2024-11-25T21:00:00.000000+0000,2024-11-25T21:00:00.000000+0000,115.105817,115.214261,112.920481,113.026966,197710.393,2024-11-25
CHAR,2024-11-26T14:30:00.000000+0000,2024-11-26T21:00:00.000000+0000,2024-11-26T21:00:00.000000+0000,112.769223,112.946032,112.414457,112.590987,165154.882,2024-11-26
CHAR,2024-11-27T14:30:00.000000+0000,2024-11-27T21:00:00.000000+0000,2024-11-27T21:00:00.000000+0000,113.039322,113.557677,112.861023,113.378843,147281.003,2024-11-27
CHAR,2024-11-29T14:30:00.000000+0000,2024-11-29T18:00:00.000000+0000,2024-11-29T18:00:00.000000+0000,113.253941,114.799917,112.839557,114.381407,106739.648,2024-11-29
CHAR,2024-12-02T14:30:00.000000+0000,2024-12-02T21:00:00.000000+0000,2024-12-02T21:00:00.000000+0000,114.152018,114.692104,113.103382,113.641051,177838.713,2024-12-02
CHAR,2024-12-03T14:30:00.000000+0000,2024-12-03T21:00:00.000000+0000,2024-12-03T21:00:00.000000+0000,113.38968,113.611707,112.169388,112.389456,164409.934,2024-12-03
CHAR,2024-12-04T14:30:00.000000+0000,2024-12-04T21:00:00.000000+0000,2024-12-04T21:00:00.000000+0000,112.579647,114.61347,112.147397,114.175095,172522.467,2024-12-04
CHAR,2024-12-05T14:30:00.000000+0000,2024-12-05T21:00:00.000000+0000,2024-12-05T21:00:00.000000+0000,114.051834,114.485687,113.733962,114.167493,146570.54,2024-12-05
CHAR,2024-12-06T14:30:00.000000+0000,2024-12-06T21:00:00.000000+0000,2024-12-06T21:00:00.000000+0000,113.931546,114.196822,113.904192,114.169411,128698.886,2024-12-06
CHAR,2024-12-09T14:30:00.000000+0000,2024-12-09T21:00:00.000000+0000,2024-12-09T21:00:00.000000+0000,113.964718,115.318172,113.871015,115.223434,170584.402,2024-12-09
CHAR,2024-12-10T14:30:00.000000+0000,2024-12-10T21:00:00.000000+0000,2024-12-10T21:00:00.000000+0000,114.947036,115.168245,114.815575,115.036682,139164.676,2024-12-10
CHAR,2024-12-11T14:30:00.000000+0000,2024-12-11T21:00:00.000000+0000,2024-12-11T21:00:00.000000+0000,114.928119,115.088392,113.699121,113.857901,204419.33,2024-12-11
CHAR,2024-12-12T14:30:00.000000+0000,2024-12-12T21:00:00.000000+0000,2024-12-12T21:00:00.000000+0000,113.718188,114.578203,113.390574,114.24906,162292.024,2024-12-12
CHAR,2024-12-13T14:30:00.000000+0000,2024-12-13T21:00:00.000000+0000,2024-12-13T21:00:00.000000+0000,114.239394,114.372439,112.564216,112.695463,161326.026,2024-12-13
CHAR,2024-12-16T14:30:00.000000+0000,2024-12-16T21:00:00.000000+0000,2024-12-16T21:00:00.000000+0000,112.523017,113.344934,112.27884,113.099505,157088.176,2024-12-16
CHAR,2024-12-17T14:30:00.000000+0000,2024-12-17T21:00:00.000000+0000,2024-12-17T21:00:00.000000+0000,112.885831,113.439293,112.548088,113.100907,173516.17,2024-12-17
CHAR,2024-12-18T14:30:00.000000+0000,2024-12-18T21:00:00.000000+0000,2024-12-18T21:00:00.000000+0000,112.999555,114.710155,112.757115,114.464572,160721.225,2024-12-18
CHAR,2024-12-19T14:30:00.000000+0000,2024-12-19T21:00:00.000000+0000,2024-12-19T21:00:00.000000+0000,114.265956,115.389784,114.029368,115.151363,148278.603,2024-12-19
CHAR,2024-12-20T14:30:00.000000+0000,2024-12-20T21:00:00.000000+0000,2024-12-20T21:00:00.000000+0000,114.933743,115.826312,114.890386,115.782635,154231.33,2024-12-20
CHAR,2024-12-23T14:30:00.000000+0000,2024-12-23T21:00:00.000000+0000,2024-12-23T21:00:00.000000+0000,115.913926,116.513694,115.762619,116.361802,237543.562,2024-12-23
CHAR,2024-12-24T14:30:00.000000+0000,2024-12-24T18:00:00.000000+0000,2024-12-24T18:00:00.000000+0000,116.567922,118.871197,116.182744,118.4797,183374.622,2024-12-24
CHAR,2024-12-26T14:30:00.000000+0000,2024-12-26T21:00:00.000000+0000,2024-12-26T21:00:00.000000+0000,118.918754,119.063002,118.642348,118.786436,110845.142,2024-12-26
CHAR,2024-12-27T14:30:00.000000+0000,2024-12-27T21:00:00.000000+0000,2024-12-27T21:00:00.000000+0000,118.680448,118.984059,118.166968,118.47004,166496.163,2024-12-27
CHAR,2024-12-30T14:30:00.000000+0000,2024-12-30T21:00:00.000000+0000,2024-12-30T21:00:00.000000+0000,118.535311,118.928956,116.328854,116.716459,172354.492,2024-12-30
CHAR,2024-12-31T14:30:00.000000+0000,2024-12-31T21:00:00.000000+0000,2024-12-31T21:00:00.000000+0000,116.902951,117.926902,116.778983,117.80198,138094.146,2024-12-31
DELT,2023-07-28T13:30:00.000000+0000,2023-07-28T20:00:00.000000+0000,2023-07-28T20:00:00.000000+0000,125.001383,126.624456,124.854419,126.475758,172199.855,2023-07-28
DELT,2023-07-31T13:30:00.000000+0000,2023-07-31T20:00:00.000000+0000,2023-07-31T20:00:00.000000+0000,126.018362,126.034378,125.26013,125.276052,199957.099,2023-07-31
DELT,2023-08-01T13:30:00.000000+0000,2023-08-01T20:00:00.000000+0000,2023-08-01T20:00:00.000000+0000,125.502501,125.775517,125.383185,125.656055,162681.577,2023-08-01
DELT,2023-08-02T13:30:00.000000+0000,2023-08-02T20:00:00.000000+0000,2023-08-02T20:00:00.000000+0000,125.912269,126.526265,125.607662,126.220911,166413.921,2023-08-02
DELT,2023-08-03T13:30:00.000000+0000,2023-08-03T20:00:00.000000+0000,2023-08-03T20:00:00.000000+0000,126.497374,126.657936,124.287457,124.445414,163517.74,2023-08-03
DELT,2023-08-04T13:30:00.000000+0000,2023-08-04T20:00:00.000000+0000,2023-08-04T20:00:00.000000+0000,124.440972,124.655911,122.682188,122.894456,153511.256,2023-08-04
DELT,2023-08-07T13:30:00.000000+0000,2023-08-07T20:00:00.000000+0000,2023-08-07T20:00:00.000000+0000,122.912367,123.16242,121.837935,122.086308,139070.441,2023-08-07
DELT,2023-08-08T13:30:00.000000+0000,2023-08-08T20:00:00.000000+0000,2023-08-08T20:00:00.000000+0000,122.282085,122.407255,120.8295,120.95331,157513.269,2023-08-08
DELT,2023-08-09T13:30:00.000000+0000,2023-08-09T20:00:00.000000+0000,2023-08-09T20:00:00.000000+0000,120.88188,121.166932,120.462054,120.746788,118436.758,2023-08-09
DELT,2023-08-10T13:30:00.000000+0000,2023-08-10T20:00:00.000000+0000,2023-08-10T20:00:00.000000+0000,120.961937,121.12197,119.731956,119.890572,195437.222,2023-08-10
DELT,2023-08-11T13:30:00.000000+0000,2023-08-11T20:00:00.000000+0000,2023-08-11T20:00:00.000000+0000,119.775917,121.501471,119.542216,121.264864,216873.151,2023-08-11
DELT,2023-08-14T13:30:00.000000+0000,2023-08-14T20:00:00.000000+0000,2023-08-14T20:00:00.000000+0000,121.197601,122.428668,120.80506,122.03342,163710.804,2023-08-14
DELT,2023-08-15T13:30:00.000000+0000,2023-08-15T20:00:00.000000+0000,2023-08-15T20:00:00.000000+0000,122.13481,122.653756,121.881996,122.400392,184827.409,2023-08-15
DELT,2023-08-16T13:30:00.000000+0000,2023-08-16T20:00:00.000000+0000,2023-08-16T20:00:00.000000+0000,122.232574,122.713502,122.108391,122.588957,147888.453,2023-08-16
DELT,2023-08-17T13:30:00.000000+0000,2023-08-17T20:00:00.000000+0000,2023-08-17T20:00:00.000000+0000,122.613404,123.129531,122.395253,122.910851,181052.302,2023-08-17
DELT,2023-08-18T13:30:00.000000+0000,2023-08-18T20:00:00.000000+0000,2023-08-18T20:00:00.000000+0000,123.231582,123.357791,122.714702,122.840511,145787.838,2023-08-18
DELT,2023-08-21T13:30:00.000000+0000,2023-08-21T20:00:00.000000+0000,2023-08-21T20:00:00.000000+0000,122.487654,123.819711,121.993983,123.322675,170365.332,2023-08-21
DELT,2023-08-22T13:30:00.000000+0000,2023-08-22T20:00:00.000000+0000,2023-08-22T20:00:00.000000+0000,123.441016,123.522461,122.552774,122.633687,162726.231,2023-08-22
DELT,2023-08-23T13:30:00.000000+0000,2023-08-23T20:00:00.000000+0000,2023-08-23T20:00:00.000000+0000,122.758589,124.480337,122.5441,124.263219,191253.651,2023-08-23
DELT,2023-08-24T13:30:00.000000+0000,2023-08-24T20:00:00.000000+0000,2023-08-24T20:00:00.000000+0000,124.83777,124.969217,124.692408,124.82384,139621.004,2023-08-24
DELT,2023-08-25T13:30:00.000000+0000,2023-08-25T20:00:00.000000+0000,2023-08-25T20:00:00.000000+0000,124.60471,125.521007,124.15536,125.069979,190299.285,2023-08-25
DELT,2023-08-28T13:30:00.000000+0000,2023-08-28T20:00:00.000000+0000,2023-08-28T20:00:00.000000+0000,125.036078,125.290722,123.890862,124.143688,143992.783,2023-08-28
DELT,2023-08-29T13:30:00.000000+0000,2023-08-29T20:00:00.000000+0000,2023-08-29T20:00:00.000000+0000,124.364671,124.566154,123.804199,124.005099,156527.739,2023-08-29
DELT,2023-08-30T13:30:00.000000+0000,2023-08-30T20:00:00.000000+0000,2023-08-30T20:00:00.000000+0000,124.156085,124.478219,123.931114,124.253072,157118.425,2023-08-30
DELT,2023-08-31T13:30:00.000000+0000,2023-08-31T20:00:00.000000+0000,2023-08-31T20:00:00.000000+0000,124.2557,124.823667,123.908361,124.475713,208349.859,2023-08-31
DELT,2023-09-01T13:30:00.000000+0000,2023-09-01T20:00:00.000000+0000,2023-09-01T20:00:00.000000+0000,124.62147,125.140587,124.272117,124.79076,157948.118,2023-09-01
DELT,2023-09-05T13:30:00.000000+0000,2023-09-05T20:00:00.000000+0000,2023-09-05T20:00:00.000000+0000,124.614106,125.706981,124.283382,125.37424,166989.485,2023-09-05
DELT,2023-09-06T13:30:00.000000+0000,2023-09-06T20:00:00.000000+0000,2023-09-06T20:00:00.000000+0000,125.017518,125.277546,124.808497,125.06844,160743.539,2023-09-06
DELT,2023-09-07T13:30:00.000000+0000,2023-09-07T20:00:00.000000+0000,2023-09-07T20:00:00.000000+0000,124.940756,125.375766,124.251879,124.686003,174901.083,2023-09-07
DELT,2023-09-08T13:30:00.000000+0000,2023-09-08T20:00:00.000000+0000,2023-09-08T20:00:00.000000+0000,125.028434,126.091819,124.745442,125.807064,164753.908,2023-09-08
DELT,2023-09-11T13:30:00.000000+0000,2023-09-11T20:00:00.000000+0000,2023-09-11T20:00:00.000000+0000,125.571403,127.890733,125.318762,127.633942,163073.792,2023-09-11
DELT,2023-09-12T13:30:00.000000+0000,2023-09-12T20:00:00.000000+0000,2023-09-12T20:00:00.000000+0000,127.284962,127.470858,126.361071,126.545888,155050.727,2023-09-12
DELT,2023-09-13T13:30:00.000000+0000,2023-09-13T20:00:00.000000+0000,2023-09-13T20:00:00.000000+0000,126.650536,127.411485,126.338805,127.09865,149164.086,2023-09-13
DELT,2023-09-14T13:30:00.000000+0000,2023-09-14T20:00:00.000000+0000,2023-09-14T20:00:00.000000+0000,127.217836,127.449108,125.672845,125.901724,105826.58,2023-09-14
DELT,2023-09-15T13:30:00.000000+0000,2023-09-15T20:00:00.000000+0000,2023-09-15T20:00:00.000000+0000,125.779674,126.242791,125.3924,125.855284,126466.046,2023-09-15
DELT,2023-09-18T13:30:00.000000+0000,2023-09-18T20:00:00.000000+0000,2023-09-18T20:00:00.000000+0000,125.88365,128.508439,125.432324,128.049349,145205.906,2023-09-18
DELT,2023-09-19T13:30:00.000000+0000,2023-09-19T20:00:00.000000+0000,2023-09-19T20:00:00.000000+0000,128.049899,128.73387,127.960778,128.644336,207748.745,2023-09-19
DELT,2023-09-20T13:30:00.000000+0000,2023-09-20T20:00:00.000000+0000,2023-09-20T20:00:00.000000+0000,128.622895,128.886138,127.414276,127.67558,199415.341,2023-09-20
DELT,2023-09-21T13:30:00.000000+0000,2023-09-21T20:00:00.000000+0000,2023-09-21T20:00:00.000000+0000,127.84449,127.988234,127.267534,127.410791,147695.546,2023-09-21
DELT,2023-09-22T13:30:00.000000+0000,2023-09-22T20:00:00.000000+0000,2023-09-22T20:00:00.000000+0000,127.53691,128.3832,127.361434,128.206803,118469.818,2023-09-22
DELT,2023-09-25T13:30:00.000000+0000,2023-09-25T20:00:00.000000+0000,2023-09-25T20:00:00.000000+0000,128.193152,128.259785,126.645779,126.711642,207407.817,2023-09-25
DELT,2023-09-26T13:30:00.000000+0000,2023-09-26T20:00:00.000000+0000,2023-09-26T20:00:00.000000+0000,126.756444,126.89522,126.38942,126.527946,146562.192,2023-09-26
DELT,2023-09-27T13:30:00.000000+0000,2023-09-27T20:00:00.000000+0000,2023-09-27T20:00:00.000000+0000,126.049822,126.163335,125.381643,125.494656,189557.65,2023-09-27
DELT,2023-09-28T13:30:00.000000+0000,2023-09-28T20:00:00.000000+0000,2023-09-28T20:00:00.000000+0000,126.05481,126.398486,125.649054,125.99256,160523.177,2023-09-28
DELT,2023-09-29T13:30:00.000000+0000,2023-09-29T20:00:00.000000+0000,2023-09-29T20:00:00.000000+0000,125.883713,126.316174,125.752352,126.1845,221674.393,2023-09-29
DELT,2023-10-02T13:30:00.000000+0000,2023-10-02T20:00:00.000000+0000,2023-10-02T20:00:00.000000+0000,126.136865,127.711866,125.617733,127.188406,200591.93,2023-10-02
DELT,2023-10-03T13:30:00.000000+0000,2023-10-03T20:00:00.000000+0000,2023-10-03T20:00:00.000000+0000,126.745587,127.397954,126.576503,127.228226,147214.095,2023-10-03
DELT,2023-10-04T13:30:00.000000+0000,2023-10-04T20:00:00.000000+0000,2023-10-04T20:00:00.000000+0000,127.207908,127.454652,126.357475,126.603045,255106.367,2023-10-04
DELT,2023-10-05T13:30:00.000000+0000,2023-10-05T20:00:00.000000+0000,2023-10-05T20:00:00.000000+0000,126.330284,127.429044,126.048698,127.14564,178523.614,2023-10-05
DELT,2023-10-06T13:30:00.000000+0000,2023-10-06T20:00:00.000000+0000,2023-10-06T20:00:00.000000+0000,127.14524,127.41354,126.70347,126.971403,139145.951,2023-10-06
DELT,2023-10-09T13:30:00.000000+0000,2023-10-09T20:00:00.000000+0000,2023-10-09T20:00:00.000000+0000,126.998444,127.454125,126.6795,127.134838,170952.341,2023-10-09
DELT,2023-10-10T13:30:00.000000+0000,2023-10-10T20:00:00.000000+0000,2023-10-10T20:00:00.000000+0000,127.279823,128.027028,126.845467,127.591608,187314.627,2023-10-10
DELT,2023-10-11T13:30:00.000000+0000,2023-10-11T20:00:00.000000+0000,2023-10-11T20:00:00.000000+0000,127.609801,128.262783,127.50411,128.156639,148746.562,2023-10-11
DELT,2023-10-12T13:30:00.000000+0000,2023-10-12T20:00:00.000000+0000,2023-10-12T20:00:00.000000+0000,128.100344,128.388871,125.852447,126.13655,151486.242,2023-10-12
DELT,2023-10-13T13:30:00.000000+0000,2023-10-13T20:00:00.000000+0000,2023-10-13T20:00:00.000000+0000,125.90049,126.002696,125.1466,125.248277,127048.392,2023-10-13
DELT,2023-10-16T13:30:00.000000+0000,2023-10-16T20:00:00.000000+0000,2023-10-16T20:00:00.000000+0000,125.189422,125.255815,124.628675,124.694805,140073.302,2023-10-16
DELT,2023-10-17T13:30:00.000000+0000,2023-10-17T20:00:00.000000+0000,2023-10-17T20:00:00.000000+0000,124.59657,124.679312,123.730914,123.813136,172294.901,2023-10-17
DELT,2023-10-18T13:30:00.000000+0000,2023-10-18T20:00:00.000000+0000,2023-10-18T20:00:00.000000+0000,123.996435,126.054663,123.816569,125.872076,152427.737,2023-10-18
DELT,2023-10-19T13:30:00.000000+0000,2023-10-19T20:00:00.000000+0000,2023-10-19T20:00:00.000000+0000,126.007371,126.169417,125.782179,125.944144,144724.891,2023-10-19
DELT,2023-10-20T13:30:00.000000+0000,2023-10-20T20:00:00.000000+0000,2023-10-20T20:00:00.000000+0000,126.245528,127.378222,125.881412,127.011896,178123.516,2023-10-20
DELT,2023-10-23T13:30:00.000000+0000,2023-10-23T20:00:00.000000+0000,2023-10-23T20:00:00.000000+0000,127.247032,127.249923,125.687383,125.690239,199401.435,2023-10-23
DELT,2023-10-24T13:30:00.000000+0000,2023-10-24T20:00:00.000000+0000,2023-10-24T20:00:00.000000+0000,125.788796,126.167519,125.077109,125.454826,172486.503,2023-10-24
DELT,2023-10-25T13:30:00.000000+0000,2023-10-25T20:00:00.000000+0000,2023-10-25T20:00:00.000000+0000,125.467102,125.755498,125.25071,125.538982,171969.37,2023-10-25
DELT,2023-10-26T13:30:00.000000+0000,2023-10-26T20:00:00.000000+0000,2023-10-26T20:00:00.000000+0000,125.460709,126.253537,125.100903,125.892493,128287.806,2023-10-26
DELT,2023-10-27T13:30:00.000000+0000,2023-10-27T20:00:00.000000+0000,2023-10-27T20:00:00.000000+0000,125.756132,126.717308,125.247471,126.206824,148165.909,2023-10-27
DELT,2023-10-30T13:30:00.000000+0000,2023-10-30T20:00:00.000000+0000,2023-10-30T20:00:00.000000+0000,126.146577,127.140244,126.005618,126.998333,171163.899,2023-10-30
DELT,2023-10-31T13:30:00.000000+0000,2023-10-31T20:00:00.000000+0000,2023-10-31T20:00:00.000000+0000,126.811324,127.352335,126.581239,127.121686,184855.549,2023-10-31
DELT,2023-11-01T13:30:00.000000+0000,2023-11-01T20:00:00.000000+0000,2023-11-01T20:00:00.000000+0000,126.944031,127.298028,125.301269,125.651663,184118.416,2023-11-01
DELT,2023-11-02T13:30:00.000000+0000,2023-11-02T20:00:00.000000+0000,2023-11-02T20:00:00.000000+0000,125.916777,126.186307,125.565207,125.834561,264656.718,2023-11-02
DELT,2023-11-03T13:30:00.000000+0000,2023-11-03T20:00:00.000000+0000,2023-11-03T20:00:00.000000+0000,126.099954,126.393121,124.353033,124.642812,142715.917,2023-11-03
DELT,2023-11-06T14:30:00.000000+0000,2023-11-06T21:00:00.000000+0000,2023-11-06T21:00:00.000000+0000,124.618616,125.045601,123.84315,124.268936,210329.408,2023-11-06
DELT,2023-11-07T14:30:00.000000+0000,2023-11-07T21:00:00.000000+0000,2023-11-07T21:00:00.000000+0000,124.636356,124.983493,123.594307,123.939502,134813.951,2023-11-07
DELT,2023-11-08T14:30:00.000000+0000,2023-11-08T21:00:00.000000+0000,2023-11-08T21:00:00.000000+0000,124.060259,124.154371,123.63232,123.726179,130206.811,2023-11-08
DELT,2023-11-09T14:30:00.000000+0000,2023-11-09T21:00:00.000000+0000,2023-11-09T21:00:00.000000+0000,123.785359,124.097694,122.826623,123.137323,186373.232,2023-11-09
DELT,2023-11-10T14:30:00.000000+0000,2023-11-10T21:00:00.000000+0000,2023-11-10T21:00:00.000000+0000,123.259755,125.027623,122.947712,124.711904,140407.209,2023-11-10
DELT,2023-11-13T14:30:00.000000+0000,2023-11-13T21:00:00.000000+0000,2023-11-13T21:00:00.000000+0000,124.685721,124.862692,124.624265,124.80118,120510.797,2023-11-13
DELT,2023-11-14T14:30:00.000000+0000,2023-11-14T21:00:00.000000+0000,2023-11-14T21:00:00.000000+0000,124.986046,125.141888,124.634822,124.79042,185511.986,2023-11-14
DELT,2023-11-15T14:30:00.000000+0000,2023-11-15T21:00:00.000000+0000,2023-11-15T21:00:00.000000+0000,125.067042,126.028851,124.894365,125.855085,177823.482,2023-11-15
DELT,2023-11-16T14:30:00.000000+0000,2023-11-16T21:00:00.000000+0000,2023-11-16T21:00:00.000000+0000,125.688665,125.708037,125.448355,125.467692,165793.184,2023-11-16
DELT,2023-11-17T14:30:00.000000+0000,2023-11-17T21:00:00.000000+0000,2023-11-17T21:00:00.000000+0000,125.349533,125.545067,124.515993,124.710531,218884.937,2023-11-17
DELT,2023-11-20T14:30:00.000000+0000,2023-11-20T21:00:00.000000+0000,2023-11-20T21:00:00.000000+0000,124.32995,125.144457,124.033688,124.846963,140193.503,2023-11-20
DELT,2023-11-21T14:30:00.000000+0000,2023-11-21T21:00:00.000000+0000,2023-11-21T21:00:00.000000+0000,125.07375,126.999508,124.786276,126.708278,172284.361,2023-11-21
DELT,2023-11-22T14:30:00.000000+0000,2023-11-22T21:00:00.000000+0000,2023-11-22T21:00:00.000000+0000,126.468827,126.624942,126.267645,126.423703,187041.833,2023-11-22
DELT,2023-11-24T14:30:00.000000+0000,2023-11-24T18:00:00.000000+0000,2023-11-24T18:00:00.000000+0000,126.871445,128.121585,126.556765,127.80459,142256.478,2023-11-24
DELT,2023-11-27T14:30:00.000000+0000,2023-11-27T21:00:00.000000+0000,2023-11-27T21:00:00.000000+0000,127.891226,128.457461,127.291971,127.858059,165274.569,2023-11-27
DELT,2023-11-28T14:30:00.000000+0000,2023-11-28T21:00:00.000000+0000,2023-11-28T21:00:00.000000+0000,128.231876,129.097603,128.070346,128.935187,161730.572,2023-11-28
DELT,2023-11-29T14:30:00.000000+0000,2023-11-29T21:00:00.000000+0000,2023-11-29T21:00:00.000000+0000,129.094954,129.404437,127.654819,127.961585,145080.16,2023-11-29
DELT,2023-11-30T14:30:00.000000+0000,2023-11-30T21:00:00.000000+0000,2023-11-30T21:00:00.000000+0000,127.75441,128.981681,127.372644,128.597396,194606.066,2023-11-30
DELT,2023-12-01T14:30:00.000000+0000,2023-12-01T21:00:00.000000+0000,2023-12-01T21:00:00.000000+0000,128.986311,129.476966,127.756564,128.244397,166074.692,2023-12-01
DELT,2023-12-04T14:30:00.000000+0000,2023-12-04T21:00:00.000000+0000,2023-12-04T21:00:00.000000+0000,128.164578,130.217306,127.7351,129.782406,181128.208,2023-12-04
DELT,2023-12-05T14:30:00.000000+0000,2023-12-05T21:00:00.000000+0000,2023-12-05T21:00:00.000000+0000,129.527395,130.381018,129.402224,130.255144,175218.585,2023-12-05
DELT,2023-12-06T14:30:00.000000+0000,2023-12-06T21:00:00.000000+0000,2023-12-06T21:00:00.000000+0000,130.208962,130.465939,127.824458,128.077227,191162.667,2023-12-06
DELT,2023-12-07T14:30:00.000000+0000,2023-12-07T21:00:00.000000+0000,2023-12-07T21:00:00.000000+0000,128.271658,128.698786,127.257449,127.682616,121816.316,2023-12-07
DELT,2023-12-08T14:30:00.000000+0000,2023-12-08T21:00:00.000000+0000,2023-12-08T21:00:00.000000+0000,127.747325,128.549298,127.403085,128.203829,129445.099,2023-12-08
DELT,2023-12-11T14:30:00.000000+0000,2023-12-11T21:00:00.000000+0000,2023-12-11T21:00:00.000000+0000,128.035908,128.184368,126.344988,126.491656,163285.377,2023-12-11
DELT,2023-12-12T14:30:00.000000+0000,2023-12-12T21:00:00.000000+0000,2023-12-12T21:00:00.000000+0000,126.903476,127.413957,125.784858,126.292882,144041.52,2023-12-12
DELT,2023-12-13T14:30:00.000000+0000,2023-12-13T21:00:00.000000+0000,2023-12-13T21:00:00.000000+0000,126.425883,126.749381,124.411929,124.731091,172498.508,2023-12-13
DELT,2023-12-14T14:30:00.000000+0000,2023-12-14T21:00:00.000000+0000,2023-12-14T21:00:00.000000+0000,124.830621,125.118199,122.792183,123.075718,209637.582,2023-12-14
DELT,2023-12-15T14:30:00.000000+0000,2023-12-15T21:00:00.000000+0000,2023-12-15T21:00:00.000000+0000,123.347092,123.745735,123.231164,123.629542,183387.772,2023-12-15
DELT,2023-12-18T14:30:00.000000+0000,2023-12-18T21:00:00.000000+0000,2023-12-18T21:00:00.000000+0000,123.850189,124.136899,122.890594,123.175742,192858.812,2023-12-18
DELT,2023-12-19T14:30:00.000000+0000,2023-12-19T21:00:00.000000+0000,2023-12-19T21:00:00.000000+0000,123.222074,123.49322,122.416024,122.685991,165741.741,2023-12-19
DELT,2023-12-20T14:30:00.000000+0000,2023-12-20T21:00:00.000000+0000,2023-12-20T21:00:00.000000+0000,122.19077,124.364399,121.956213,124.126127,147231.641,2023-12-20
DELT,2023-12-21T14:30:00.000000+0000,2023-12-21T21:00:00.000000+0000,2023-12-21T21:00:00.000000+0000,123.831588,124.256828,122.51519,122.937359,175541.564,2023-12-21
DELT,2023-12-22T14:30:00.000000+0000,2023-12-22T21:00:00.000000+0000,2023-12-22T21:00:00.000000+0000,122.930024,123.938541,122.753595,123.76092,170148.257,2023-12-22
DELT,2023-12-26T14:30:00.000000+0000,2023-12-26T21:00:00.000000+0000,2023-12-26T21:00:00.000000+0000,124.006322,124.151785,123.191101,123.335778,162636.958,2023-12-26
DELT,2023-12-27T14:30:00.000000+0000,2023-12-27T21:00:00.000000+0000,2023-12-27T21:00:00.000000+0000,123.549906,123.557813,122.245413,122.253237,161355.379,2023-12-27
DELT,2023-12-28T14:30:00.000000+0000,2023-12-28T21:00:00.000000+0000,2023-12-28T21:00:00.000000+0000,122.148273,122.376222,120.233638,120.458434,150957.817,2023-12-28
DELT,2023-12-29T14:30:00.000000+0000,2023-12-29T21:00:00.000000+0000,2023-12-29T21:00:00.000000+0000,120.49159,120.964355,119.786188,120.258036,155035.845,2023-12-29
DELT,2024-01-02T14:30:00.000000+0000,2024-01-02T21:00:00.000000+0000,2024-01-02T21:00:00.000000+0000,120.328197,122.913993,119.847517,122.424937,149866.123,2024-01-02
DELT,2024-01-03T14:30:00.000000+0000,2024-01-03T21:00:00.000000+0000,2024-01-03T21:00:00.000000+0000,122.86926,123.115652,121.7131,121.957664,212624.81,2024-01-03
DELT,2024-01-04T14:30:00.000000+0000,2024-01-04T21:00:00.000000+0000,2024-01-04T21:00:00.000000+0000,122.14065,122.422442,120.955458,121.23516,161160.396,2024-01-04
DELT,2024-01-05T14:30:00.000000+0000,2024-01-05T21:00:00.000000+0000,2024-01-05T21:00:00.000000+0000,121.083849,121.335194,118.780597,119.027673,186205.135,2024-01-05
DELT,2024-01-08T14:30:00.000000+0000,2024-01-08T21:00:00.000000+0000,2024-01-08T21:00:00.000000+0000,119.024552,119.315021,118.824189,119.114506,156746.107,2024-01-08
DELT,2024-01-09T14:30:00.000000+0000,2024-01-09T21:00:00.000000+0000,2024-01-09T21:00:00.000000+0000,119.350943,119.735869,117.815371,118.196574,147255.937,2024-01-09
DELT,2024-01-10T14:30:00.000000+0000,2024-01-10T21:00:00.000000+0000,2024-01-10T21:00:00.000000+0000,118.038525,119.203135,117.757669,118.920181,204665.007,2024-01-10
DELT,2024-01-11T14:30:00.000000+0000,2024-01-11T21:00:00.000000+0000,2024-01-11T21:00:00.000000+0000,119.192744,119.281918,118.089634,118.178049,156433.864,2024-01-11
DELT,2024-01-12T14:30:00.000000+0000,2024-01-12T21:00:00.000000+0000,2024-01-12T21:00:00.000000+0000,117.958095,118.605613,117.753734,118.400485,207038.801,2024-01-12
DELT,2024-01-16T14:30:00.000000+0000,2024-01-16T21:00:00.000000+0000,2024-01-16T21:00:00.000000+0000,118.063612,118.743668,118.018614,118.698428,143733.602,2024-01-16
DELT,2024-01-17T14:30:00.000000+0000,2024-01-17T21:00:00.000000+0000,2024-01-17T21:00:00.000000+0000,118.766634,119.99796,118.455376,119.684297,173792.487,2024-01-17
DELT,2024-01-18T14:30:00.000000+0000,2024-01-18T21:00:00.000000+0000,2024-01-18T21:00:00.000000+0000,119.965719,119.994141,119.466137,119.494447,194512.261,2024-01-18
DELT,2024-01-19T14:30:00.000000+0000,2024-01-19T21:00:00.000000+0000,2024-01-19T21:00:00.000000+0000,119.41986,119.746054,118.350663,118.674822,133450.538,2024-01-19
DELT,2024-01-22T14:30:00.000000+0000,2024-01-22T21:00:00.000000+0000,2024-01-22T21:00:00.000000+0000,118.675999,119.48417,118.410607,119.217567,193563.839,2024-01-22
DELT,2024-01-23T14:30:00.000000+0000,2024-01-23T21:00:00.000000+0000,2024-01-23T21:00:00.000000+0000,118.839587,119.257396,118.598253,119.015704,138304.728,2024-01-23
DELT,2024-01-24T14:30:00.000000+0000,2024-01-24T21:00:00.000000+0000,2024-01-24T21:00:00.000000+0000,119.136028,121.22339,118.805162,120.887659,197417.398,2024-01-24
DELT,2024-01-25T14:30:00.000000+0000,2024-01-25T21:00:00.000000+0000,2024-01-25T21:00:00.000000+0000,120.758302,121.4428,120.404815,121.088347,199612.894,2024-01-25
DELT,2024-01-26T14:30:00.000000+0000,2024-01-26T21:00:00.000000+0000,2024-01-26T21:00:00.000000+0000,120.69039,121.005675,119.709865,120.023408,187920.953,2024-01-26
DELT,2024-01-29T14:30:00.000000+0000,2024-01-29T21:00:00.000000+0000,2024-01-29T21:00:00.000000+0000,119.961301,122.623614,119.866624,122.526912,187482.983,2024-01-29
DELT,2024-01-30T14:30:00.000000+0000,2024-01-30T21:00:00.000000+0000,2024-01-30T21:00:00.000000+0000,122.232968,122.455634,120.65893,120.87913,161778.176,2024-01-30
DELT,2024-01-31T14:30:00.000000+0000,2024-01-31T21:00:00.000000+0000,2024-01-31T21:00:00.000000+0000,121.052117,121.218366,119.997954,120.162982,146871.37,2024-01-31
DELT,2024-02-01T14:30:00.000000+0000,2024-02-01T21:00:00.000000+0000,2024-02-01T21:00:00.000000+0000,120.186754,120.548082,119.086713,119.445814,229375.918,2024-02-01
DELT,2024-02-02T14:30:00.000000+0000,2024-02-02T21:00:00.000000+0000,2024-02-02T21:00:00.000000+0000,119.085689,119.361413,118.58046,118.855652,138277.767,2024-02-02
DELT,2024-02-05T14:30:00.000000+0000,2024-02-05T21:00:00.000000+0000,2024-02-05T21:00:00.000000+0000,119.097834,119.224252,117.666195,117.791225,147090.418,2024-02-05
DELT,2024-02-06T14:30:00.000000+0000,2024-02-06T21:00:00.000000+0000,2024-02-06T21:00:00.000000+0000,117.652403,118.364446,117.426063,118.137174,170839.473,2024-02-06
DELT,2024-02-07T14:30:00.000000+0000,2024-02-07T21:00:00.000000+0000,2024-02-07T21:00:00.000000+0000,118.25146,118.487281,117.838521,118.073988,133321.175,2024-02-07
DELT,2024-02-08T14:30:00.000000+0000,2024-02-08T21:00:00.000000+0000,2024-02-08T21:00:00.000000+0000,118.245853,118.476083,117.047395,117.275735,193737.653,2024-02-08
DELT,2024-02-09T14:30:00.000000+0000,2024-02-09T21:00:00.000000+0000,2024-02-09T21:00:00.000000+0000,117.109734,117.156312,114.665161,114.710785,161926.223,2024-02-09
DELT,2024-02-12T14:30:00.000000+0000,2024-02-12T21:00:00.000000+0000,2024-02-12T21:00:00.000000+0000,115.008104,116.807033,114.759578,116.555164,157952.484,2024-02-12
DELT,2024-02-13T14:30:00.000000+0000,2024-02-13T21:00:00.000000+0000,2024-02-13T21:00:00.000000+0000,116.352277,117.331438,115.915052,116.892184,139463.697,2024-02-13
DELT,2024-02-14T14:30:00.000000+0000,2024-02-14T21:00:00.000000+0000,2024-02-14T21:00:00.000000+0000,116.722598,118.94442,116.422617,118.639512,123204.012,2024-02-14
DELT,2024-02-15T14:30:00.000000+0000,2024-02-15T21:00:00.000000+0000,2024-02-15T21:00:00.000000+0000,118.941946,120.511023,118.629819,120.195607,186257.362,2024-02-15
DELT,2024-02-16T14:30:00.000000+0000,2024-02-16T21:00:00.000000+0000,2024-02-16T21:00:00.000000+0000,120.329773,120.551045,120.106847,120.328115,138763.69,2024-02-16
DELT,2024-02-20T14:30:00.000000+0000,2024-02-20T21:00:00.000000+0000,2024-02-20T21:00:00.000000+0000,120.294405,120.417678,118.944552,119.066567,175066.87,2024-02-20
DELT,2024-02-21T14:30:00.000000+0000,2024-02-21T21:00:00.000000+0000,2024-02-21T21:00:00.000000+0000,119.258688,119.673328,118.289433,118.702137,172088.67,2024-02-21
DELT,2024-02-22T14:30:00.000000+0000,2024-02-22T21:00:00.000000+0000,2024-02-22T21:00:00.000000+0000,118.921636,119.124142,118.524248,118.726422,151487.506,2024-02-22
DELT,2024-02-23T14:30:00.000000+0000,2024-02-23T21:00:00.000000+0000,2024-02-23T21:00:00.000000+0000,118.838897,119.030647,118.588495,118.78015,169460.962,2024-02-23
DELT,2024-02-26T14:30:00.000000+0000,2024-02-26T21:00:00.000000+0000,2024-02-26T21:00:00.000000+0000,118.528053,118.660611,117.637667,117.769377,179030.488,2024-02-26
DELT,2024-02-27T14:30:00.000000+0000,2024-02-27T21:00:00.000000+0000,2024-02-27T21:00:00.000000+0000,117.978227,118.097898,117.095643,117.214538,179978.404,2024-02-27
DELT,2024-02-28T14:30:00.000000+0000,2024-02-28T21:00:00.000000+0000,2024-02-28T21:00:00.000000+0000,117.08965,117.325762,116.594782,116.830371,201297.997,2024-02-28
DELT,2024-02-29T14:30:00.000000+0000,2024-02-29T21:00:00.000000+0000,2024-02-29T21:00:00.000000+0000,117.019049,119.069489,116.691879,118.737514,216710.698,2024-02-29
DELT,2024-03-01T14:30:00.000000+0000,2024-03-01T21:00:00.000000+0000,2024-03-01T21:00:00.000000+0000,118.57036,118.690605,117.245003,117.364025,146046.692,2024-03-01
DELT,2024-03-04T14:30:00.000000+0000,2024-03-04T21:00:00.000000+0000,2024-03-04T21:00:00.000000+0000,117.304286,117.345876,116.236736,116.277962,157768.771,2024-03-04
DELT,2024-03-05T14:30:00.000000+0000,2024-03-05T21:00:00.000000+0000,2024-03-05T21:00:00.000000+0000,116.151319,116.474656,113.72547,114.042939,171589.952,2024-03-05
DELT,2024-03-06T14:30:00.000000+0000,2024-03-06T21:00:00.000000+0000,2024-03-06T21:00:00.000000+0000,113.905928,114.20094,111.670103,111.960075,181405.377,2024-03-06
DELT,2024-03-07T14:30:00.000000+0000,2024-03-07T21:00:00.000000+0000,2024-03-07T21:00:00.000000+0000,111.787982,111.956444,110.746436,110.91358,116563.973,2024-03-07
DELT,2024-03-08T14:30:00.000000+0000,2024-03-08T21:00:00.000000+0000,2024-03-08T21:00:00.000000+0000,110.671642,110.810815,109.441392,109.579191,164575.536,2024-03-08
DELT,2024-03-11T13:30:00.000000+0000,2024-03-11T20:00:00.000000+0000,2024-03-11T20:00:00.000000+0000,109.372003,110.308984,109.209416,110.145248,135428.675,2024-03-11
DELT,2024-03-12T13:30:00.000000+0000,2024-03-12T20:00:00.000000+0000,2024-03-12T20:00:00.000000+0000,110.182943,110.450215,108.696208,108.960515,172880.313,2024-03-12
DELT,2024-03-13T13:30:00.000000+0000,2024-03-13T20:00:00.000000+0000,2024-03-13T20:00:00.000000+0000,108.963209,109.050454,108.913203,109.000431,148302.139,2024-03-13
DELT,2024-03-14T13:30:00.000000+0000,2024-03-14T20:00:00.000000+0000,2024-03-14T20:00:00.000000+0000,108.911637,109.5401,108.737738,109.365476,164595.657,2024-03-14
DELT,2024-03-15T13:30:00.000000+0000,2024-03-15T20:00:00.000000+0000,2024-03-15T20:00:00.000000+0000,109.677286,109.985709,108.821787,109.128668,140346.877,2024-03-15
DELT,2024-03-18T13:30:00.000000+0000,2024-03-18T20:00:00.000000+0000,2024-03-18T20:00:00.000000+0000,109.276734,109.565258,108.455046,108.742159,144219.234,2024-03-18
DELT,2024-03-19T13:30:00.000000+0000,2024-03-19T20:00:00.000000+0000,2024-03-19T20:00:00.000000+0000,108.926774,109.127158,107.584967,107.783247,131729.648,2024-03-19
DELT,2024-03-20T13:30:00.000000+0000,2024-03-20T20:00:00.000000+0000,2024-03-20T20:00:00.000000+0000,107.881374,108.614188,107.642205,108.373928,157290.29,2024-03-20
DELT,2024-03-21T13:30:00.000000+0000,2024-03-21T20:00:00.000000+0000,2024-03-21T20:00:00.000000+0000,108.36581,108.504617,106.935658,107.072809,178352.922,2024-03-21
DELT,2024-03-22T13:30:00.000000+0000,2024-03-22T20:00:00.000000+0000,2024-03-22T20:00:00.000000+0000,107.063505,107.860585,106.831557,107.627416,171711.546,2024-03-22
DELT,2024-03-25T13:30:00.000000+0000,2024-03-25T20:00:00.000000+0000,2024-03-25T20:00:00.000000+0000,107.378886,107.497616,107.216213,107.334895,116833.875,2024-03-25
DELT,2024-03-26T13:30:00.000000+0000,2024-03-26T20:00:00.000000+0000,2024-03-26T20:00:00.000000+0000,107.456128,108.781401,107.371476,108.695772,166023.638,2024-03-26
DELT,2024-03-27T13:30:00.000000+0000,2024-03-27T20:00:00.000000+0000,2024-03-27T20:00:00.000000+0000,108.776421,109.758279,108.493347,109.473391,135862.342,2024-03-27
DELT,2024-03-28T13:30:00.000000+0000,2024-03-28T20:00:00.000000+0000,2024-03-28T20:00:00.000000+0000,109.459124,109.86087,108.482883,108.882513,210480.271,2024-03-28
DELT,2024-04-01T13:30:00.000000+0000,2024-04-01T20:00:00.000000+0000,2024-04-01T20:00:00.000000+0000,109.097517,109.357608,108.842502,109.102581,139977.089,2024-04-01
DELT,2024-04-02T13:30:00.000000+0000,2024-04-02T20:00:00.000000+0000,2024-04-02T20:00:00.000000+0000,109.259388,109.460642,108.40829,108.608345,177030.841,2024-04-02
DELT,2024-04-03T13:30:00.000000+0000,2024-04-03T20:00:00.000000+0000,2024-04-03T20:00:00.000000+0000,108.470881,108.865508,108.272697,108.666966,166811.899,2024-04-03
DELT,2024-04-04T13:30:00.000000+0000,2024-04-04T20:00:00.000000+0000,2024-04-04T20:00:00.000000+0000,108.72049,110.023855,108.449372,109.750168,149211.606,2024-04-04
DELT,2024-04-05T13:30:00.000000+0000,2024-04-05T20:00:00.000000+0000,2024-04-05T20:00:00.000000+0000,109.455317,109.852069,107.067605,107.457114,236425.429,2024-04-05
DELT,2024-04-08T13:30:00.000000+0000,2024-04-08T20:00:00.000000+0000,2024-04-08T20:00:00.000000+0000,107.553271,107.625978,106.46736,106.539381,144932.114,2024-04-08
DELT,2024-04-09T13:30:00.000000+0000,2024-04-09T20:00:00.000000+0000,2024-04-09T20:00:00.000000+0000,106.647864,107.917473,106.291541,107.558109,135681.622,2024-04-09
DELT,2024-04-10T13:30:00.000000+0000,2024-04-10T20:00:00.000000+0000,2024-04-10T20:00:00.000000+0000,107.531363,107.926003,107.295231,107.689524,185291.728,2024-04-10
DELT,2024-04-11T13:30:00.000000+0000,2024-04-11T20:00:00.000000+0000,2024-04-11T20:00:00.000000+0000,107.615519,107.66246,107.280453,107.327267,178649.244,2024-04-11
DELT,2024-04-12T13:30:00.000000+0000,2024-04-12T20:00:00.000000+0000,2024-04-12T20:00:00.000000+0000,107.56871,107.774963,106.957323,107.162797,172954.877,2024-04-12
DELT,2024-04-15T13:30:00.000000+0000,2024-04-15T20:00:00.000000+0000,2024-04-15T20:00:00.000000+0000,107.061102,107.254296,106.937529,107.130643,189845.118,2024-04-15
DELT,2024-04-16T13:30:00.000000+0000,2024-04-16T20:00:00.000000+0000,2024-04-16T20:00:00.000000+0000,107.213669,107.48067,106.833589,107.100308,203886.2,2024-04-16
DELT,2024-04-17T13:30:00.000000+0000,2024-04-17T20:00:00.000000+0000,2024-04-17T20:00:00.000000+0000,106.87436,107.578788,106.719609,107.423242,166656.486,2024-04-17
DELT,2024-04-18T13:30:00.000000+0000,2024-04-18T20:00:00.000000+0000,2024-04-18T20:00:00.000000+0000,107.302001,107.765028,107.003365,107.465936,158243.477,2024-04-18
DELT,2024-04-19T13:30:00.000000+0000,2024-04-19T20:00:00.000000+0000,2024-04-19T20:00:00.000000+0000,107.252609,108.580131,107.03105,108.356292,166966.891,2024-04-19
DELT,2024-04-22T13:30:00.000000+0000,2024-04-22T20:00:00.000000+0000,2024-04-22T20:00:00.000000+0000,108.558849,108.818646,108.047994,108.307188,174411.366,2024-04-22
DELT,2024-04-23T13:30:00.000000+0000,2024-04-23T20:00:00.000000+0000,2024-04-23T20:00:00.000000+0000,108.376568,109.713796,108.180214,109.515378,146176.07,2024-04-23
DELT,2024-04-24T13:30:00.000000+0000,2024-04-24T20:00:00.000000+0000,2024-04-24T20:00:00.000000+0000,109.578643,109.761297,108.95141,109.133322,209708.425,2024-04-24
DELT,2024-04-25T13:30:00.000000+0000,2024-04-25T20:00:00.000000+0000,2024-04-25T20:00:00.000000+0000,109.426275,109.714377,108.082569,108.367885,172261.688,2024-04-25
DELT,2024-04-26T13:30:00.000000+0000,2024-04-26T20:00:00.000000+0000,2024-04-26T20:00:00.000000+0000,108.348821,108.897787,108.268764,108.817385,157561.977,2024-04-26
DELT,2024-04-29T13:30:00.000000+0000,2024-04-29T20:00:00.000000+0000,2024-04-29T20:00:00.000000+0000,108.839453,110.314746,108.5968,110.069351,174631.0,2024-04-29
DELT,2024-04-30T13:30:00.000000+0000,2024-04-30T20:00:00.000000+0000,2024-04-30T20:00:00.000000+0000,110.272171,110.865377,110.127952,110.720571,146904.598,2024-04-30
DELT,2024-05-01T13:30:00.000000+0000,2024-05-01T20:00:00.000000+0000,2024-05-01T20:00:00.000000+0000,111.041851,111.359911,110.734156,111.052187,153489.027,2024-05-01
DELT,2024-05-02T13:30:00.000000+0000,2024-05-02T20:00:00.000000+0000,2024-05-02T20:00:00.000000+0000,111.028375,111.239028,109.664867,109.873328,163527.446,2024-05-02
DELT,2024-05-03T13:30:00.000000+0000,2024-05-03T20:00:00.000000+0000,2024-05-03T20:00:00.000000+0000,109.977198,110.732158,109.478452,110.232255,167453.919,2024-05-03
DELT,2024-05-06T13:30:00.000000+0000,2024-05-06T20:00:00.000000+0000,2024-05-06T20:00:00.000000+0000,110.378335,110.412941,108.890299,108.92445,151337.088,2024-05-06
DELT,2024-05-07T13:30:00.000000+0000,2024-05-07T20:00:00.000000+0000,2024-05-07T20:00:00.000000+0000,109.192146,109.45446,108.03311,108.293264,84257.496,2024-05-07
DELT,2024-05-08T13:30:00.000000+0000,2024-05-08T20:00:00.000000+0000,2024-05-08T20:00:00.000000+0000,108.439248,109.941789,108.014366,109.5127,120645.752,2024-05-08
DELT,2024-05-09T13:30:00.000000+0000,2024-05-09T20:00:00.000000+0000,2024-05-09T20:00:00.000000+0000,109.845485,110.051744,109.760689,109.966855,187343.637,2024-05-09
DELT,2024-05-10T13:30:00.000000+0000,2024-05-10T20:00:00.000000+0000,2024-05-10T20:00:00.000000+0000,109.964952,110.362619,109.926468,110.324009,174019.158,2024-05-10
DELT,2024-05-13T13:30:00.000000+0000,2024-05-13T20:00:00.000000+0000,2024-05-13T20:00:00.000000+0000,110.57794,110.839333,109.491424,109.750863,177677.279,2024-05-13
DELT,2024-05-14T13:30:00.000000+0000,2024-05-14T20:00:00.000000+0000,2024-05-14T20:00:00.000000+0000,109.660499,109.675699,109.543613,109.558799,180552.993,2024-05-14
DELT,2024-05-15T13:30:00.000000+0000,2024-05-15T20:00:00.000000+0000,2024-05-15T20:00:00.000000+0000,109.942201,111.477354,109.598128,111.129565,120791.189,2024-05-15
DELT,2024-05-16T13:30:00.000000+0000,2024-05-16T20:00:00.000000+0000,2024-05-16T20:00:00.000000+0000,110.792866,110.920724,110.329673,110.457144,128162.425,2024-05-16
DELT,2024-05-17T13:30:00.000000+0000,2024-05-17T20:00:00.000000+0000,2024-05-17T20:00:00.000000+0000,110.466906,111.02042,110.202513,110.755336,131329.145,2024-05-17
DELT,2024-05-20T13:30:00.000000+0000,2024-05-20T20:00:00.000000+0000,2024-05-20T20:00:00.000000+0000,110.927478,111.216012,109.497931,109.783489,149907.862,2024-05-20
DELT,2024-05-21T13:30:00.000000+0000,2024-05-21T20:00:00.000000+0000,2024-05-21T20:00:00.000000+0000,109.745609,109.751118,109.493795,109.499292,154842.024,2024-05-21
DELT,2024-05-22T13:30:00.000000+0000,2024-05-22T20:00:00.000000+0000,2024-05-22T20:00:00.000000+0000,109.500909,109.738389,108.839453,109.076011,172272.282,2024-05-22
DELT,2024-05-23T13:30:00.000000+0000,2024-05-23T20:00:00.000000+0000,2024-05-23T20:00:00.000000+0000,109.129293,109.528155,108.939882,109.338381,169893.872,2024-05-23
DELT,2024-05-24T13:30:00.000000+0000,2024-05-24T20:00:00.000000+0000,2024-05-24T20:00:00.000000+0000,109.557502,109.766155,108.63903,108.846329,170695.959,2024-05-24
DELT,2024-05-28T13:30:00.000000+0000,2024-05-28T20:00:00.000000+0000,2024-05-28T20:00:00.000000+0000,108.8058,109.508444,108.65856,109.360453,176033.914,2024-05-28
DELT,2024-05-29T13:30:00.000000+0000,2024-05-29T20:00:00.000000+0000,2024-05-29T20:00:00.000000+0000,109.239013,110.526561,108.978353,110.263456,163446.06,2024-05-29
DELT,2024-05-30T13:30:00.000000+0000,2024-05-30T20:00:00.000000+0000,2024-05-30T20:00:00.000000+0000,110.196431,110.380663,108.127429,108.308505,150810.876,2024-05-30
DELT,2024-05-31T13:30:00.000000+0000,2024-05-31T20:00:00.000000+0000,2024-05-31T20:00:00.000000+0000,107.951997,108.209235,107.020936,107.276565,168506.908,2024-05-31
DELT,2024-06-03T13:30:00.000000+0000,2024-06-03T20:00:00.000000+0000,2024-06-03T20:00:00.000000+0000,107.458864,107.616672,106.449058,106.605613,216275.328,2024-06-03
DELT,2024-06-04T13:30:00.000000+0000,2024-06-04T20:00:00.000000+0000,2024-06-04T20:00:00.000000+0000,106.524649,106.644477,105.652951,105.771933,140217.107,2024-06-04
DELT,2024-06-05T13:30:00.000000+0000,2024-06-05T20:00:00.000000+0000,2024-06-05T20:00:00.000000+0000,105.405133,106.415953,105.032775,106.041349,199917.51,2024-06-05
DELT,2024-06-06T13:30:00.000000+0000,2024-06-06T20:00:00.000000+0000,2024-06-06T20:00:00.000000+0000,106.168756,107.060973,106.051555,106.942918,213563.641,2024-06-06
DELT,2024-06-07T13:30:00.000000+0000,2024-06-07T20:00:00.000000+0000,2024-06-07T20:00:00.000000+0000,106.86769,108.792313,106.682705,108.604322,201912.328,2024-06-07
DELT,2024-06-10T13:30:00.000000+0000,2024-06-10T20:00:00.000000+0000,2024-06-10T20:00:00.000000+0000,108.747443,109.315714,108.290584,108.858389,168941.594,2024-06-10
DELT,2024-06-11T13:30:00.000000+0000,2024-06-11T20:00:00.000000+0000,2024-06-11T20:00:00.000000+0000,108.771949,108.922945,107.864069,108.014014,123370.904,2024-06-11
DELT,2024-06-12T13:30:00.000000+0000,2024-06-12T20:00:00.000000+0000,2024-06-12T20:00:00.000000+0000,107.953829,108.2933,106.132923,106.467721,178050.968,2024-06-12
DELT,2024-06-13T13:30:00.000000+0000,2024-06-13T20:00:00.000000+0000,2024-06-13T20:00:00.000000+0000,106.472045,106.806658,106.365034,106.699418,168388.814,2024-06-13
DELT,2024-06-14T13:30:00.000000+0000,2024-06-14T20:00:00.000000+0000,2024-06-14T20:00:00.000000+0000,106.915552,107.330269,106.65567,107.070011,166876.663,2024-06-14
DELT,2024-06-17T13:30:00.000000+0000,2024-06-17T20:00:00.000000+0000,2024-06-17T20:00:00.000000+0000,106.899351,107.205851,105.987136,106.291894,101743.913,2024-06-17
DELT,2024-06-18T13:30:00.000000+0000,2024-06-18T20:00:00.000000+0000,2024-06-18T20:00:00.000000+0000,106.373281,108.288855,105.887121,107.796191,129799.209,2024-06-18
DELT,2024-06-20T13:30:00.000000+0000,2024-06-20T20:00:00.000000+0000,2024-06-20T20:00:00.000000+0000,107.744154,108.937354,107.529518,108.720773,151844.55,2024-06-20
DELT,2024-06-21T13:30:00.000000+0000,2024-06-21T20:00:00.000000+0000,2024-06-21T20:00:00.000000+0000,108.946124,111.507069,108.67676,111.232053,166515.73,2024-06-21
DELT,2024-06-24T13:30:00.000000+0000,2024-06-24T20:00:00.000000+0000,2024-06-24T20:00:00.000000+0000,111.409417,112.348487,111.184732,112.122365,262230.633,2024-06-24
DELT,2024-06-25T13:30:00.000000+0000,2024-06-25T20:00:00.000000+0000,2024-06-25T20:00:00.000000+0000,112.156303,112.402518,110.972425,111.216576,125923.492,2024-06-25
DELT,2024-06-26T13:30:00.000000+0000,2024-06-26T20:00:00.000000+0000,2024-06-26T20:00:00.000000+0000,111.095695,111.445355,110.497042,110.845916,133209.915,2024-06-26
DELT,2024-06-27T13:30:00.000000+0000,2024-06-27T20:00:00.000000+0000,2024-06-27T20:00:00.000000+0000,110.367603,110.591905,108.616884,108.838077,199907.827,2024-06-27
DELT,2024-06-28T13:30:00.000000+0000,2024-06-28T20:00:00.000000+0000,2024-06-28T20:00:00.000000+0000,108.847302,109.028411,108.599067,108.780063,123158.424,2024-06-28
DELT,2024-07-01T13:30:00.000000+0000,2024-07-01T20:00:00.000000+0000,2024-07-01T20:00:00.000000+0000,108.878456,109.639963,108.5887,109.348955,124584.58,2024-07-01
DELT,2024-07-02T13:30:00.000000+0000,2024-07-02T20:00:00.000000+0000,2024-07-02T20:00:00.000000+0000,109.597075,110.04829,109.293963,109.74477,192884.606,2024-07-02
DELT,2024-07-03T13:30:00.000000+0000,2024-07-03T17:00:00.000000+0000,2024-07-03T17:00:00.000000+0000,109.872847,110.459079,109.58128,110.166731,175976.921,2024-07-03
DELT,2024-07-05T13:30:00.000000+0000,2024-07-05T20:00:00.000000+0000,2024-07-05T20:00:00.000000+0000,110.358085,110.378086,109.961535,109.981468,129941.689,2024-07-05
DELT,2024-07-08T13:30:00.000000+0000,2024-07-08T20:00:00.000000+0000,2024-07-08T20:00:00.000000+0000,109.819574,110.024956,106.988156,107.188618,172511.734,2024-07-08
DELT,2024-07-09T13:30:00.000000+0000,2024-07-09T20:00:00.000000+0000,2024-07-09T20:00:00.000000+0000,107.258222,107.592558,106.796742,107.13068,193353.287,2024-07-09
DELT,2024-07-10T13:30:00.000000+0000,2024-07-10T20:00:00.000000+0000,2024-07-10T20:00:00.000000+0000,106.943761,107.183163,106.175937,106.414153,143318.581,2024-07-10
DELT,2024-07-11T13:30:00.000000+0000,2024-07-11T20:00:00.000000+0000,2024-07-11T20:00:00.000000+0000,106.374089,106.899171,106.12711,106.651549,97605.897,2024-07-11
DELT,2024-07-12T13:30:00.000000+0000,2024-07-12T20:00:00.000000+0000,2024-07-12T20:00:00.000000+0000,107.165874,107.440906,106.091645,106.36462,148842.579,2024-07-12
DELT,2024-07-15T13:30:00.000000+0000,2024-07-15T20:00:00.000000+0000,2024-07-15T20:00:00.000000+0000,106.774628,107.434964,106.598176,107.257714,166022.385,2024-07-15
DELT,2024-07-16T13:30:00.000000+0000,2024-07-16T20:00:00.000000+0000,2024-07-16T20:00:00.000000+0000,107.15322,107.544543,105.697843,106.085266,160211.852,2024-07-16
DELT,2024-07-17T13:30:00.000000+0000,2024-07-17T20:00:00.000000+0000,2024-07-17T20:00:00.000000+0000,106.116982,106.456957,103.966165,104.300321,177685.59,2024-07-17
DELT,2024-07-18T13:30:00.000000+0000,2024-07-18T20:00:00.000000+0000,2024-07-18T20:00:00.000000+0000,104.288984,105.167415,103.964604,104.841317,238177.741,2024-07-18
DELT,2024-07-19T13:30:00.000000+0000,2024-07-19T20:00:00.000000+0000,2024-07-19T20:00:00.000000+0000,104.907872,105.129937,104.545095,104.766861,166974.112,2024-07-19
DELT,2024-07-22T13:30:00.000000+0000,2024-07-22T20:00:00.000000+0000,2024-07-22T20:00:00.000000+0000,105.04144,105.221872,104.894298,105.074683,156100.041,2024-07-22
DELT,2024-07-23T13:30:00.000000+0000,2024-07-23T20:00:00.000000+0000,2024-07-23T20:00:00.000000+0000,104.751591,106.289464,104.6661,106.202788,150592.079,2024-07-23
DELT,2024-07-24T13:30:00.000000+0000,2024-07-24T20:00:00.000000+0000,2024-07-24T20:00:00.000000+0000,106.190907,109.546567,105.790664,109.135227,176380.509,2024-07-24
DELT,2024-07-25T13:30:00.000000+0000,2024-07-25T20:00:00.000000+0000,2024-07-25T20:00:00.000000+0000,108.936147,109.074716,108.688958,108.827389,200027.933,2024-07-25
DELT,2024-07-26T13:30:00.000000+0000,2024-07-26T20:00:00.000000+0000,2024-07-26T20:00:00.000000+0000,109.072601,109.502019,108.851386,109.280382,152302.055,2024-07-26
DELT,2024-07-29T13:30:00.000000+0000,2024-07-29T20:00:00.000000+0000,2024-07-29T20:00:00.000000+0000,109.526248,109.636505,109.074404,109.184317,172612.514,2024-07-29
DELT,2024-07-30T13:30:00.000000+0000,2024-07-30T20:00:00.000000+0000,2024-07-30T20:00:00.000000+0000,109.680594,112.29815,109.43871,112.051037,144879.636,2024-07-30
DELT,2024-07-31T13:30:00.000000+0000,2024-07-31T20:00:00.000000+0000,2024-07-31T20:00:00.000000+0000,112.143002,112.31458,111.642443,111.813517,132042.963,2024-07-31
DELT,2024-08-01T13:30:00.000000+0000,2024-08-01T20:00:00.000000+0000,2024-08-01T20:00:00.000000+0000,111.970288,112.319392,111.205415,111.55322,155338.828,2024-08-01
DELT,2024-08-02T13:30:00.000000+0000,2024-08-02T20:00:00.000000+0000,2024-08-02T20:00:00.000000+0000,111.469056,111.71038,111.353302,111.594496,159135.236,2024-08-02
DELT,2024-08-05T13:30:00.000000+0000,2024-08-05T20:00:00.000000+0000,2024-08-05T20:00:00.000000+0000,111.468982,112.079454,111.358743,111.96872,216171.061,2024-08-05
DELT,2024-08-06T13:30:00.000000+0000,2024-08-06T20:00:00.000000+0000,2024-08-06T20:00:00.000000+0000,112.073186,112.361482,110.412869,110.697627,185815.576,2024-08-06
DELT,2024-08-07T13:30:00.000000+0000,2024-08-07T20:00:00.000000+0000,2024-08-07T20:00:00.000000+0000,110.868331,111.433096,110.692395,111.256544,169546.566,2024-08-07
DELT,2024-08-08T13:30:00.000000+0000,2024-08-08T20:00:00.000000+0000,2024-08-08T20:00:00.000000+0000,111.196681,111.46783,109.332558,109.599813,171314.038,2024-08-08
DELT,2024-08-09T13:30:00.000000+0000,2024-08-09T20:00:00.000000+0000,2024-08-09T20:00:00.000000+0000,109.515934,109.68356,109.442481,109.610045,166364.353,2024-08-09
DELT,2024-08-12T13:30:00.000000+0000,2024-08-12T20:00:00.000000+0000,2024-08-12T20:00:00.000000+0000,109.565265,109.577276,109.041136,109.053091,175632.543,2024-08-12
DELT,2024-08-13T13:30:00.000000+0000,2024-08-13T20:00:00.000000+0000,2024-08-13T20:00:00.000000+0000,109.263638,109.76494,108.768853,109.270125,153479.207,2024-08-13
DELT,2024-08-14T13:30:00.000000+0000,2024-08-14T20:00:00.000000+0000,2024-08-14T20:00:00.000000+0000,109.152395,109.249604,108.189773,108.286211,167928.956,2024-08-14
DELT,2024-08-15T13:30:00.000000+0000,2024-08-15T20:00:00.000000+0000,2024-08-15T20:00:00.000000+0000,108.330027,108.698544,108.201255,108.569487,158539.732,2024-08-15
DELT,2024-08-16T13:30:00.000000+0000,2024-08-16T20:00:00.000000+0000,2024-08-16T20:00:00.000000+0000,108.139842,110.40609,107.823384,110.083943,144986.819,2024-08-16
DELT,2024-08-19T13:30:00.000000+0000,2024-08-19T20:00:00.000000+0000,2024-08-19T20:00:00.000000+0000,110.076313,111.181902,110.013205,111.118197,149140.928,2024-08-19
DELT,2024-08-20T13:30:00.000000+0000,2024-08-20T20:00:00.000000+0000,2024-08-20T20:00:00.000000+0000,111.056061,111.781907,110.835203,111.560047,174898.289,2024-08-20
DELT,2024-08-21T13:30:00.000000+0000,2024-08-21T20:00:00.000000+0000,2024-08-21T20:00:00.000000+0000,111.881133,112.225961,111.575394,111.920116,188023.96,2024-08-21
DELT,2024-08-22T13:30:00.000000+0000,2024-08-22T20:00:00.000000+0000,2024-08-22T20:00:00.000000+0000,112.243812,113.120311,111.955378,112.83037,161861.113,2024-08-22
DELT,2024-08-23T13:30:00.000000+0000,2024-08-23T20:00:00.000000+0000,2024-08-23T20:00:00.000000+0000,113.058087,113.668826,112.710658,113.320591,179384.15,2024-08-23
DELT,2024-08-26T13:30:00.000000+0000,2024-08-26T20:00:00.000000+0000,2024-08-26T20:00:00.000000+0000,112.990912,113.121817,112.544751,112.675289,156181.158,2024-08-26
DELT,2024-08-27T13:30:00.000000+0000,2024-08-27T20:00:00.000000+0000,2024-08-27T20:00:00.000000+0000,112.850978,113.074271,112.523249,112.746334,193016.372,2024-08-27
DELT,2024-08-28T13:30:00.000000+0000,2024-08-28T20:00:00.000000+0000,2024-08-28T20:00:00.000000+0000,113.042911,113.702188,112.681267,113.339595,195014.869,2024-08-28
DELT,2024-08-29T13:30:00.000000+0000,2024-08-29T20:00:00.000000+0000,2024-08-29T20:00:00.000000+0000,113.10453,115.309259,112.823733,115.023697,148578.786,2024-08-29
DELT,2024-08-30T13:30:00.000000+0000,2024-08-30T20:00:00.000000+0000,2024-08-30T20:00:00.000000+0000,114.644334,116.565522,114.448002,116.366242,198532.987,2024-08-30
DELT,2024-09-03T13:30:00.000000+0000,2024-09-03T20:00:00.000000+0000,2024-09-03T20:00:00.000000+0000,116.473471,116.941439,115.513284,115.979266,167139.575,2024-09-03
DELT,2024-09-04T13:30:00.000000+0000,2024-09-04T20:00:00.000000+0000,2024-09-04T20:00:00.000000+0000,116.547055,116.800839,114.00119,114.249971,163304.534,2024-09-04
DELT,2024-09-05T13:30:00.000000+0000,2024-09-05T20:00:00.000000+0000,2024-09-05T20:00:00.000000+0000,113.957631,115.619452,113.603158,115.260925,150946.573,2024-09-05
DELT,2024-09-06T13:30:00.000000+0000,2024-09-06T20:00:00.000000+0000,2024-09-06T20:00:00.000000+0000,115.111767,115.489475,114.322973,114.699328,193635.615,2024-09-06
DELT,2024-09-09T13:30:00.000000+0000,2024-09-09T20:00:00.000000+0000,2024-09-09T20:00:00.000000+0000,114.959019,115.1473,114.684984,114.873124,161515.052,2024-09-09
DELT,2024-09-10T13:30:00.000000+0000,2024-09-10T20:00:00.000000+0000,2024-09-10T20:00:00.000000+0000,114.859373,115.178971,113.709832,114.027114,205465.764,2024-09-10
DELT,2024-09-11T13:30:00.000000+0000,2024-09-11T20:00:00.000000+0000,2024-09-11T20:00:00.000000+0000,114.111072,115.437969,113.657493,114.980932,186200.469,2024-09-11
DELT,2024-09-12T13:30:00.000000+0000,2024-09-12T20:00:00.000000+0000,2024-09-12T20:00:00.000000+0000,114.926938,115.268126,114.601842,114.942986,210216.04,2024-09-12
DELT,2024-09-13T13:30:00.000000+0000,2024-09-13T20:00:00.000000+0000,2024-09-13T20:00:00.000000+0000,115.402364,115.770139,113.78711,114.150896,163382.796,2024-09-13
DELT,2024-09-16T13:30:00.000000+0000,2024-09-16T20:00:00.000000+0000,2024-09-16T20:00:00.000000+0000,114.101425,114.395358,113.568184,113.861499,209210.494,2024-09-16
DELT,2024-09-17T13:30:00.000000+0000,2024-09-17T20:00:00.000000+0000,2024-09-17T20:00:00.000000+0000,113.960278,114.239997,113.611327,113.890876,164014.428,2024-09-17
DELT,2024-09-18T13:30:00.000000+0000,2024-09-18T20:00:00.000000+0000,2024-09-18T20:00:00.000000+0000,113.816188,114.025367,112.907231,113.115122,166094.785,2024-09-18
DELT,2024-09-19T13:30:00.000000+0000,2024-09-19T20:00:00.000000+0000,2024-09-19T20:00:00.000000+0000,113.503808,113.703607,112.884186,113.083245,164044.303,2024-09-19
DELT,2024-09-20T13:30:00.000000+0000,2024-09-20T20:00:00.000000+0000,2024-09-20T20:00:00.000000+0000,112.887526,113.367979,112.580852,113.060834,199785.961,2024-09-20
DELT,2024-09-23T13:30:00.000000+0000,2024-09-23T20:00:00.000000+0000,2024-09-23T20:00:00.000000+0000,113.428168,113.678092,112.892891,113.142185,177398.367,2024-09-23
DELT,2024-09-24T13:30:00.000000+0000,2024-09-24T20:00:00.000000+0000,2024-09-24T20:00:00.000000+0000,113.107439,113.393376,111.992866,112.276704,170603.047,2024-09-24
DELT,2024-09-25T13:30:00.000000+0000,2024-09-25T20:00:00.000000+0000,2024-09-25T20:00:00.000000+0000,112.289787,114.275391,112.049739,114.031619,174170.214,2024-09-25
DELT,2024-09-26T13:30:00.000000+0000,2024-09-26T20:00:00.000000+0000,2024-09-26T20:00:00.000000+0000,113.964534,114.164827,110.044209,110.237953,210260.875,2024-09-26
DELT,2024-09-27T13:30:00.000000+0000,2024-09-27T20:00:00.000000+0000,2024-09-27T20:00:00.000000+0000,110.835563,110.923747,110.30062,110.388449,134736.907,2024-09-27
DELT,2024-09-30T13:30:00.000000+0000,2024-09-30T20:00:00.000000+0000,2024-09-30T20:00:00.000000+0000,110.177132,110.386106,109.700768,109.909235,186160.983,2024-09-30
DELT,2024-10-01T13:30:00.000000+0000,2024-10-01T20:00:00.000000+0000,2024-10-01T20:00:00.000000+0000,110.039203,110.602808,109.800194,110.363096,176193.893,2024-10-01
DELT,2024-10-02T13:30:00.000000+0000,2024-10-02T20:00:00.000000+0000,2024-10-02T20:00:00.000000+0000,110.210335,110.530784,110.016819,110.337045,162264.957,2024-10-02
DELT,2024-10-03T13:30:00.000000+0000,2024-10-03T20:00:00.000000+0000,2024-10-03T20:00:00.000000+0000,109.98745,110.079695,109.42019,109.512037,137553.071,2024-10-03
DELT,2024-10-04T13:30:00.000000+0000,2024-10-04T20:00:00.000000+0000,2024-10-04T20:00:00.000000+0000,109.679395,109.925664,109.21259,109.458363,178377.823,2024-10-04
DELT,2024-10-07T13:30:00.000000+0000,2024-10-07T20:00:00.000000+0000,2024-10-07T20:00:00.000000+0000,109.055631,110.719665,108.999311,110.662515,179778.77,2024-10-07
DELT,2024-10-08T13:30:00.000000+0000,2024-10-08T20:00:00.000000+0000,2024-10-08T20:00:00.000000+0000,110.047526,110.402389,108.762272,109.114125,123809.878,2024-10-08
DELT,2024-10-09T13:30:00.000000+0000,2024-10-09T20:00:00.000000+0000,2024-10-09T20:00:00.000000+0000,109.298166,109.419642,108.676581,108.7975,190486.3,2024-10-09
DELT,2024-10-10T13:30:00.000000+0000,2024-10-10T20:00:00.000000+0000,2024-10-10T20:00:00.000000+0000,109.49558,110.561677,109.465668,110.531483,180648.164,2024-10-10
DELT,2024-10-11T13:30:00.000000+0000,2024-10-11T20:00:00.000000+0000,2024-10-11T20:00:00.000000+0000,110.131765,110.399029,108.890538,109.155433,157784.298,2024-10-11
DELT,2024-10-14T13:30:00.000000+0000,2024-10-14T20:00:00.000000+0000,2024-10-14T20:00:00.000000+0000,109.183766,109.302592,108.621965,108.740309,182970.674,2024-10-14
DELT,2024-10-15T13:30:00.000000+0000,2024-10-15T20:00:00.000000+0000,2024-10-15T20:00:00.000000+0000,108.425319,108.815871,108.073843,108.46427,153064.159,2024-10-15
DELT,2024-10-16T13:30:00.000000+0000,2024-10-16T20:00:00.000000+0000,2024-10-16T20:00:00.000000+0000,108.159986,109.648859,107.771158,109.256091,161119.016,2024-10-16
DELT,2024-10-17T13:30:00.000000+0000,2024-10-17T20:00:00.000000+0000,2024-10-17T20:00:00.000000+0000,109.672932,110.127621,109.319637,109.774,144390.707,2024-10-17
DELT,2024-10-18T13:30:00.000000+0000,2024-10-18T20:00:00.000000+0000,2024-10-18T20:00:00.000000+0000,109.75534,111.771077,109.522545,111.534508,204627.285,2024-10-18
DELT,2024-10-21T13:30:00.000000+0000,2024-10-21T20:00:00.000000+0000,2024-10-21T20:00:00.000000+0000,111.632105,111.875049,111.203501,111.44604,157947.513,2024-10-21
DELT,2024-10-22T13:30:00.000000+0000,2024-10-22T20:00:00.000000+0000,2024-10-22T20:00:00.000000+0000,111.434771,112.090931,111.066525,111.721736,162845.276,2024-10-22
DELT,2024-10-23T13:30:00.000000+0000,2024-10-23T20:00:00.000000+0000,2024-10-23T20:00:00.000000+0000,111.633477,112.681137,111.473228,112.519616,149781.857,2024-10-23
DELT,2024-10-24T13:30:00.000000+0000,2024-10-24T20:00:00.000000+0000,2024-10-24T20:00:00.000000+0000,112.204089,112.344302,111.941252,112.081312,203773.231,2024-10-24
DELT,2024-10-25T13:30:00.000000+0000,2024-10-25T20:00:00.000000+0000,2024-10-25T20:00:00.000000+0000,112.035,113.240244,111.732011,112.934821,112216.635,2024-10-25
DELT,2024-10-28T13:30:00.000000+0000,2024-10-28T20:00:00.000000+0000,2024-10-28T20:00:00.000000+0000,113.063186,113.806481,112.855302,113.597615,151415.652,2024-10-28
DELT,2024-10-29T13:30:00.000000+0000,2024-10-29T20:00:00.000000+0000,2024-10-29T20:00:00.000000+0000,113.638728,113.809661,113.300585,113.471265,118352.029,2024-10-29
DELT,2024-10-30T13:30:00.000000+0000,2024-10-30T20:00:00.000000+0000,2024-10-30T20:00:00.000000+0000,113.680563,113.978911,113.425575,113.723826,155268.108,2024-10-30
DELT,2024-10-31T13:30:00.000000+0000,2024-10-31T20:00:00.000000+0000,2024-10-31T20:00:00.000000+0000,113.50407,114.335547,113.443897,114.274965,168313.553,2024-10-31
DELT,2024-11-01T13:30:00.000000+0000,2024-11-01T20:00:00.000000+0000,2024-11-01T20:00:00.000000+0000,114.643716,114.896296,112.934076,113.183438,132268.041,2024-11-01
DELT,2024-11-04T14:30:00.000000+0000,2024-11-04T21:00:00.000000+0000,2024-11-04T21:00:00.000000+0000,113.234397,113.865456,113.013968,113.64423,185276.863,2024-11-04
DELT,2024-11-05T14:30:00.000000+0000,2024-11-05T21:00:00.000000+0000,2024-11-05T21:00:00.000000+0000,113.782133,113.894302,113.3452,113.457048,176625.39,2024-11-05
DELT,2024-11-06T14:30:00.000000+0000,2024-11-06T21:00:00.000000+0000,2024-11-06T21:00:00.000000+0000,113.229344,113.688637,113.163867,113.622932,158217.981,2024-11-06
DELT,2024-11-07T14:30:00.000000+0000,2024-11-07T21:00:00.000000+0000,2024-11-07T21:00:00.000000+0000,113.716324,114.614504,113.675469,114.573342,180897.611,2024-11-07
DELT,2024-11-08T14:30:00.000000+0000,2024-11-08T21:00:00.000000+0000,2024-11-08T21:00:00.000000+0000,114.748259,116.503224,114.513372,116.265232,142893.726,2024-11-08
DELT,2024-11-11T14:30:00.000000+0000,2024-11-11T21:00:00.000000+0000,2024-11-11T21:00:00.000000+0000,116.037497,116.388618,115.141846,115.491315,129743.746,2024-11-11
DELT,2024-11-12T14:30:00.000000+0000,2024-11-12T21:00:00.000000+0000,2024-11-12T21:00:00.000000+0000,115.737189,115.949544,113.236263,113.444411,160431.899,2024-11-12
DELT,2024-11-13T14:30:00.000000+0000,2024-11-13T21:00:00.000000+0000,2024-11-13T21:00:00.000000+0000,113.056865,113.524594,112.847339,113.31459,178445.378,2024-11-13
DELT,2024-11-14T14:30:00.000000+0000,2024-11-14T21:00:00.000000+0000,2024-11-14T21:00:00.000000+0000,113.011721,113.294096,111.350376,111.629297,164942.439,2024-11-14
DELT,2024-11-15T14:30:00.000000+0000,2024-11-15T21:00:00.000000+0000,2024-11-15T21:00:00.000000+0000,111.485573,111.803828,111.017827,111.335654,116968.68,2024-11-15
DELT,2024-11-18T14:30:00.000000+0000,2024-11-18T21:00:00.000000+0000,2024-11-18T21:00:00.000000+0000,111.41285,113.439386,111.009598,113.03028,201993.636,2024-11-18
DELT,2024-11-19T14:30:00.000000+0000,2024-11-19T21:00:00.000000+0000,2024-11-19T21:00:00.000000+0000,113.1184,113.310511,112.543977,112.735438,147949.994,2024-11-19
DELT,2024-11-20T14:30:00.000000+0000,2024-11-20T21:00:00.000000+0000,2024-11-20T21:00:00.000000+0000,112.667137,112.95374,110.944043,111.226983,144193.789,2024-11-20
DELT,2024-11-21T14:30:00.000000+0000,2024-11-21T21:00:00.000000+0000,2024-11-21T21:00:00.000000+0000,111.395475,112.27186,110.93506,111.809732,161251.013,2024-11-21
DELT,2024-11-22T14:30:00.000000+0000,2024-11-22T21:00:00.000000+0000,2024-11-22T21:00:00.000000+0000,111.509099,111.858804,111.436033,111.785556,182861.595,2024-11-22
DELT,2024-11-25T14:30:00.000000+0000,2024-11-25T21:00:00.000000+0000,2024-11-25T21:00:00.000000+0000,111.772199,112.093748,110.32038,110.638669,150234.827,2024-11-25
DELT,2024-11-26T14:30:00.000000+0000,2024-11-26T21:00:00.000000+0000,2024-11-26T21:00:00.000000+0000,110.822467,111.026569,109.54106,109.743174,145819.435,2024-11-26
DELT,2024-11-27T14:30:00.000000+0000,2024-11-27T21:00:00.000000+0000,2024-11-27T21:00:00.000000+0000,109.65516,109.743207,109.467869,109.555836,219345.619,2024-11-27
DELT,2024-11-29T14:30:00.000000+0000,2024-11-29T18:00:00.000000+0000,2024-11-29T18:00:00.000000+0000,109.534718,109.869474,109.245051,109.579689,150161.946,2024-11-29
DELT,2024-12-02T14:30:00.000000+0000,2024-12-02T21:00:00.000000+0000,2024-12-02T21:00:00.000000+0000,109.349149,110.56721,109.156025,110.372279,191986.22,2024-12-02
DELT,2024-12-03T14:30:00.000000+0000,2024-12-03T21:00:00.000000+0000,2024-12-03T21:00:00.000000+0000,110.25733,110.381862,108.02213,108.144275,166594.773,2024-12-03
DELT,2024-12-04T14:30:00.000000+0000,2024-12-04T21:00:00.000000+0000,2024-12-04T21:00:00.000000+0000,108.252208,109.588428,107.857862,109.190663,171624.215,2024-12-04
DELT,2024-12-05T14:30:00.000000+0000,2024-12-05T21:00:00.000000+0000,2024-12-05T21:00:00.000000+0000,109.331299,109.628601,108.839616,109.136388,136905.706,2024-12-05
DELT,2024-12-06T14:30:00.000000+0000,2024-12-06T21:00:00.000000+0000,2024-12-06T21:00:00.000000+0000,108.926119,109.025906,108.450749,108.550192,133276.092,2024-12-06
DELT,2024-12-09T14:30:00.000000+0000,2024-12-09T21:00:00.000000+0000,2024-12-09T21:00:00.000000+0000,108.722887,109.837751,108.473906,109.586792,164707.164,2024-12-09
DELT,2024-12-10T14:30:00.000000+0000,2024-12-10T21:00:00.000000+0000,2024-12-10T21:00:00.000000+0000,109.018537,109.460659,105.450529,105.879923,142323.683,2024-12-10
DELT,2024-12-11T14:30:00.000000+0000,2024-12-11T21:00:00.000000+0000,2024-12-11T21:00:00.000000+0000,106.314415,106.372968,105.793895,105.852194,144082.283,2024-12-11
DELT,2024-12-12T14:30:00.000000+0000,2024-12-12T21:00:00.000000+0000,2024-12-12T21:00:00.000000+0000,105.385841,105.943344,105.136907,105.693682,137972.749,2024-12-12
DELT,2024-12-13T14:30:00.000000+0000,2024-12-13T21:00:00.000000+0000,2024-12-13T21:00:00.000000+0000,105.466864,105.533043,104.872232,104.938079,182883.252,2024-12-13
DELT,2024-12-16T14:30:00.000000+0000,2024-12-16T21:00:00.000000+0000,2024-12-16T21:00:00.000000+0000,105.087399,105.487995,104.507604,104.907515,146846.633,2024-12-16
DELT,2024-12-17T14:30:00.000000+0000,2024-12-17T21:00:00.000000+0000,2024-12-17T21:00:00.000000+0000,104.953426,106.02459,104.87884,105.949296,154777.541,2024-12-17
DELT,2024-12-18T14:30:00.000000+0000,2024-12-18T21:00:00.000000+0000,2024-12-18T21:00:00.000000+0000,105.839353,107.214425,105.578518,106.95085,189577.515,2024-12-18
DELT,2024-12-19T14:30:00.000000+0000,2024-12-19T21:00:00.000000+0000,2024-12-19T21:00:00.000000+0000,107.162841,107.717951,107.038833,107.593445,189050.638,2024-12-19
DELT,2024-12-20T14:30:00.000000+0000,2024-12-20T21:00:00.000000+0000,2024-12-20T21:00:00.000000+0000,107.583958,108.308604,107.403712,108.127447,146345.168,2024-12-20
DELT,2024-12-23T14:30:00.000000+0000,2024-12-23T21:00:00.000000+0000,2024-12-23T21:00:00.000000+0000,108.006358,109.828735,107.602164,109.419254,170435.399,2024-12-23
DELT,2024-12-24T14:30:00.000000+0000,2024-12-24T18:00:00.000000+0000,2024-12-24T18:00:00.000000+0000,109.457465,109.647675,108.483039,108.671884,234895.683,2024-12-24
DELT,2024-12-26T14:30:00.000000+0000,2024-12-26T21:00:00.000000+0000,2024-12-26T21:00:00.000000+0000,108.95552,109.742722,108.816173,109.602547,156210.189,2024-12-26
DELT,2024-12-27T14:30:00.000000+0000,2024-12-27T21:00:00.000000+0000,2024-12-27T21:00:00.000000+0000,109.555584,109.790676,109.021305,109.255754,146505.185,2024-12-27
DELT,2024-12-30T14:30:00.000000+0000,2024-12-30T21:00:00.000000+0000,2024-12-30T21:00:00.000000+0000,109.351641,109.729132,107.309698,107.681423,133646.801,2024-12-30
DELT,2024-12-31T14:30:00.000000+0000,2024-12-31T21:00:00.000000+0000,2024-12-31T21:00:00.000000+0000,107.438462,107.60143,106.467815,106.629555,152433.035,2024-12-31
ECHO,2023-07-28T13:30:00.000000+0000,2023-07-28T20:00:00.000000+0000,2023-07-28T20:00:00.000000+0000,139.939681,142.139848,139.752403,141.94988,154627.291,2023-07-28
ECHO,2023-07-31T13:30:00.000000+0000,2023-07-31T20:00:00.000000+0000,2023-07-31T20:00:00.000000+0000,142.439293,142.818487,141.875758,142.25446,149635.091,2023-07-31
ECHO,2023-08-01T13:30:00.000000+0000,2023-08-01T20:00:00.000000+0000,2023-08-01T20:00:00.000000+0000,142.235014,144.118639,141.954571,143.835042,145046.069,2023-08-01
ECHO,2023-08-02T13:30:00.000000+0000,2023-08-02T20:00:00.000000+0000,2023-08-02T20:00:00.000000+0000,143.613786,144.819072,143.181433,144.384399,152822.492,2023-08-02
ECHO,2023-08-03T13:30:00.000000+0000,2023-08-03T20:00:00.000000+0000,2023-08-03T20:00:00.000000+0000,144.068285,144.350207,141.545405,141.822933,165661.439,2023-08-03
ECHO,2023-08-04T13:30:00.000000+0000,2023-08-04T20:00:00.000000+0000,2023-08-04T20:00:00.000000+0000,141.263383,141.540154,138.462117,138.733932,185386.292,2023-08-04
ECHO,2023-08-07T13:30:00.000000+0000,2023-08-07T20:00:00.000000+0000,2023-08-07T20:00:00.000000+0000,138.859134,140.253999,138.271788,139.663252,196352.427,2023-08-07
ECHO,2023-08-08T13:30:00.000000+0000,2023-08-08T20:00:00.000000+0000,2023-08-08T20:00:00.000000+0000,140.067977,140.859858,139.395639,140.186949,182357.338,2023-08-08
ECHO,2023-08-09T13:30:00.000000+0000,2023-08-09T20:00:00.000000+0000,2023-08-09T20:00:00.000000+0000,140.232669,141.743238,139.815654,141.32298,149658.983,2023-08-09
ECHO,2023-08-10T13:30:00.000000+0000,2023-08-10T20:00:00.000000+0000,2023-08-10T20:00:00.000000+0000,141.353418,141.544566,140.142104,140.331871,172766.748,2023-08-10
ECHO,2023-08-11T13:30:00.000000+0000,2023-08-11T20:00:00.000000+0000,2023-08-11T20:00:00.000000+0000,140.148904,141.127353,139.964878,140.942286,173168.605,2023-08-11
ECHO,2023-08-14T13:30:00.000000+0000,2023-08-14T20:00:00.000000+0000,2023-08-14T20:00:00.000000+0000,140.903467,141.871945,140.893254,141.861663,130831.624,2023-08-14
ECHO,2023-08-15T13:30:00.000000+0000,2023-08-15T20:00:00.000000+0000,2023-08-15T20:00:00.000000+0000,141.536157,142.545387,141.378057,142.386337,173193.284,2023-08-15
ECHO,2023-08-16T13:30:00.000000+0000,2023-08-16T20:00:00.000000+0000,2023-08-16T20:00:00.000000+0000,142.448685,142.88533,141.937462,142.373877,182210.934,2023-08-16
ECHO,2023-08-17T13:30:00.000000+0000,2023-08-17T20:00:00.000000+0000,2023-08-17T20:00:00.000000+0000,142.679099,144.190295,142.306936,143.815168,167955.089,2023-08-17
ECHO,2023-08-18T13:30:00.000000+0000,2023-08-18T20:00:00.000000+0000,2023-08-18T20:00:00.000000+0000,144.131375,144.552154,142.829667,143.247867,172200.419,2023-08-18
ECHO,2023-08-21T13:30:00.000000+0000,2023-08-21T20:00:00.000000+0000,2023-08-21T20:00:00.000000+0000,143.612024,143.661683,143.057481,143.106966,155815.91,2023-08-21
ECHO,2023-08-22T13:30:00.000000+0000,2023-08-22T20:00:00.000000+0000,2023-08-22T20:00:00.000000+0000,143.019445,143.47034,139.82673,140.268953,206016.028,2023-08-22
ECHO,2023-08-23T13:30:00.000000+0000,2023-08-23T20:00:00.000000+0000,2023-08-23T20:00:00.000000+0000,139.862123,141.137185,139.38503,140.657379,136527.757,2023-08-23
ECHO,2023-08-24T13:30:00.000000+0000,2023-08-24T20:00:00.000000+0000,2023-08-24T20:00:00.000000+0000,140.336339,141.780055,140.088545,141.530153,155168.83,2023-08-24
ECHO,2023-08-25T13:30:00.000000+0000,2023-08-25T20:00:00.000000+0000,2023-08-25T20:00:00.000000+0000,141.089027,142.721505,140.715158,142.34431,180215.811,2023-08-25
ECHO,2023-08-28T13:30:00.000000+0000,2023-08-28T20:00:00.000000+0000,2023-08-28T20:00:00.000000+0000,142.644384,142.867843,142.051993,142.274873,161791.313,2023-08-28
ECHO,2023-08-29T13:30:00.000000+0000,2023-08-29T20:00:00.000000+0000,2023-08-29T20:00:00.000000+0000,142.266215,145.754421,141.741538,145.218855,106389.619,2023-08-29
ECHO,2023-08-30T13:30:00.000000+0000,2023-08-30T20:00:00.000000+0000,2023-08-30T20:00:00.000000+0000,144.940922,145.231607,144.478066,144.768405,138297.78,2023-08-30
ECHO,2023-08-31T13:30:00.000000+0000,2023-08-31T20:00:00.000000+0000,2023-08-31T20:00:00.000000+0000,144.693612,145.372957,144.422467,145.101049,147465.139,2023-08-31
ECHO,2023-09-01T13:30:00.000000+0000,2023-09-01T20:00:00.000000+0000,2023-09-01T20:00:00.000000+0000,145.119758,145.501154,144.005588,144.385053,157087.78,2023-09-01
ECHO,2023-09-05T13:30:00.000000+0000,2023-09-05T20:00:00.000000+0000,2023-09-05T20:00:00.000000+0000,144.254184,144.652465,143.989588,144.387624,162573.347,2023-09-05
ECHO,2023-09-06T13:30:00.000000+0000,2023-09-06T20:00:00.000000+0000,2023-09-06T20:00:00.000000+0000,143.885063,144.239244,143.350915,143.704652,152108.569,2023-09-06
ECHO,2023-09-07T13:30:00.000000+0000,2023-09-07T20:00:00.000000+0000,2023-09-07T20:00:00.000000+0000,144.067228,144.440514,142.370306,142.740153,193979.926,2023-09-07
ECHO,2023-09-08T13:30:00.000000+0000,2023-09-08T20:00:00.000000+0000,2023-09-08T20:00:00.000000+0000,142.451532,144.253686,142.219533,144.019135,135081.182,2023-09-08
ECHO,2023-09-11T13:30:00.000000+0000,2023-09-11T20:00:00.000000+0000,2023-09-11T20:00:00.000000+0000,143.816012,145.979061,143.348308,145.50586,203439.428,2023-09-11
ECHO,2023-09-12T13:30:00.000000+0000,2023-09-12T20:00:00.000000+0000,2023-09-12T20:00:00.000000+0000,145.17174,145.395555,143.85287,144.074994,160905.2,2023-09-12
ECHO,2023-09-13T13:30:00.000000+0000,2023-09-13T20:00:00.000000+0000,2023-09-13T20:00:00.000000+0000,144.243736,144.278382,142.682207,142.716486,127969.852,2023-09-13
ECHO,2023-09-14T13:30:00.000000+0000,2023-09-14T20:00:00.000000+0000,2023-09-14T20:00:00.000000+0000,142.856242,142.863522,141.862544,141.869774,152204.515,2023-09-14
ECHO,2023-09-15T13:30:00.000000+0000,2023-09-15T20:00:00.000000+0000,2023-09-15T20:00:00.000000+0000,141.915766,144.420349,141.572945,144.072318,159331.511,2023-09-15
ECHO,2023-09-18T13:30:00.000000+0000,2023-09-18T20:00:00.000000+0000,2023-09-18T20:00:00.000000+0000,143.966928,147.389772,143.557404,146.971701,169868.67,2023-09-18
ECHO,2023-09-19T13:30:00.000000+0000,2023-09-19T20:00:00.000000+0000,2023-09-19T20:00:00.000000+0000,146.781514,147.080615,144.928877,145.224805,172383.229,2023-09-19
ECHO,2023-09-20T13:30:00.000000+0000,2023-09-20T20:00:00.000000+0000,2023-09-20T20:00:00.000000+0000,145.723866,146.1299,144.155898,144.558685,195278.794,2023-09-20
ECHO,2023-09-21T13:30:00.000000+0000,2023-09-21T20:00:00.000000+0000,2023-09-21T20:00:00.000000+0000,144.382148,144.59523,142.444457,142.65499,157108.669,2023-09-21
ECHO,2023-09-22T13:30:00.000000+0000,2023-09-22T20:00:00.000000+0000,2023-09-22T20:00:00.000000+0000,142.614027,144.296441,142.472557,144.153445,196789.527,2023-09-22
ECHO,2023-09-25T13:30:00.000000+0000,2023-09-25T20:00:00.000000+0000,2023-09-25T20:00:00.000000+0000,144.408121,145.701671,144.163447,145.455223,179199.788,2023-09-25
ECHO,2023-09-26T13:30:00.000000+0000,2023-09-26T20:00:00.000000+0000,2023-09-26T20:00:00.000000+0000,145.520067,145.955443,145.124277,145.559546,133033.191,2023-09-26
ECHO,2023-09-27T13:30:00.000000+0000,2023-09-27T20:00:00.000000+0000,2023-09-27T20:00:00.000000+0000,145.517141,145.79973,144.628019,144.909428,178714.764,2023-09-27
ECHO,2023-09-28T13:30:00.000000+0000,2023-09-28T20:00:00.000000+0000,2023-09-28T20:00:00.000000+0000,144.727295,144.799648,144.508413,144.580693,138378.096,2023-09-28
ECHO,2023-09-29T13:30:00.000000+0000,2023-09-29T20:00:00.000000+0000,2023-09-29T20:00:00.000000+0000,144.56304,146.412232,144.264679,146.110676,209517.431,2023-09-29
ECHO,2023-10-02T13:30:00.000000+0000,2023-10-02T20:00:00.000000+0000,2023-10-02T20:00:00.000000+0000,146.280967,147.323706,145.976479,147.017684,161965.934,2023-10-02
ECHO,2023-10-03T13:30:00.000000+0000,2023-10-03T20:00:00.000000+0000,2023-10-03T20:00:00.000000+0000,147.342353,149.095416,147.134617,148.885503,159365.794,2023-10-03
ECHO,2023-10-04T13:30:00.000000+0000,2023-10-04T20:00:00.000000+0000,2023-10-04T20:00:00.000000+0000,148.561154,149.069071,145.949161,146.44986,172624.646,2023-10-04
ECHO,2023-10-05T13:30:00.000000+0000,2023-10-05T20:00:00.000000+0000,2023-10-05T20:00:00.000000+0000,146.242626,147.20224,145.966879,146.925206,175684.95,2023-10-05
ECHO,2023-10-06T13:30:00.000000+0000,2023-10-06T20:00:00.000000+0000,2023-10-06T20:00:00.000000+0000,146.851532,149.003004,146.636317,148.784955,147540.641,2023-10-06
ECHO,2023-10-09T13:30:00.000000+0000,2023-10-09T20:00:00.000000+0000,2023-10-09T20:00:00.000000+0000,148.88582,150.65416,148.641357,150.4072,152045.689,2023-10-09
ECHO,2023-10-10T13:30:00.000000+0000,2023-10-10T20:00:00.000000+0000,2023-10-10T20:00:00.000000+0000,150.005293,150.31695,148.741994,149.05167,158390.136,2023-10-10
ECHO,2023-10-11T13:30:00.000000+0000,2023-10-11T20:00:00.000000+0000,2023-10-11T20:00:00.000000+0000,148.955786,149.283305,146.816179,147.139705,182079.801,2023-10-11
ECHO,2023-10-12T13:30:00.000000+0000,2023-10-12T20:00:00.000000+0000,2023-10-12T20:00:00.000000+0000,147.346162,147.722296,145.598686,145.971312,156984.046,2023-10-12
ECHO,2023-10-13T13:30:00.000000+0000,2023-10-13T20:00:00.000000+0000,2023-10-13T20:00:00.000000+0000,145.805781,146.975545,145.666378,146.835159,148899.45,2023-10-13
ECHO,2023-10-16T13:30:00.000000+0000,2023-10-16T20:00:00.000000+0000,2023-10-16T20:00:00.000000+0000,146.840929,147.019152,146.229428,146.407124,165116.831,2023-10-16
ECHO,2023-10-17T13:30:00.000000+0000,2023-10-17T20:00:00.000000+0000,2023-10-17T20:00:00.000000+0000,146.124425,146.173962,145.138869,145.188089,184040.463,2023-10-17
ECHO,2023-10-18T13:30:00.000000+0000,2023-10-18T20:00:00.000000+0000,2023-10-18T20:00:00.000000+0000,145.05033,146.837997,144.881642,146.667428,138126.185,2023-10-18
ECHO,2023-10-19T13:30:00.000000+0000,2023-10-19T20:00:00.000000+0000,2023-10-19T20:00:00.000000+0000,146.791519,147.286927,143.121752,143.60641,153206.034,2023-10-19
ECHO,2023-10-20T13:30:00.000000+0000,2023-10-20T20:00:00.000000+0000,2023-10-20T20:00:00.000000+0000,143.544498,144.077829,143.103582,143.63663,124049.151,2023-10-20
ECHO,2023-10-23T13:30:00.000000+0000,2023-10-23T20:00:00.000000+0000,2023-10-23T20:00:00.000000+0000,144.201659,144.842505,141.878567,142.511904,108450.526,2023-10-23
ECHO,2023-10-24T13:30:00.000000+0000,2023-10-24T20:00:00.000000+0000,2023-10-24T20:00:00.000000+0000,142.484113,143.072227,142.301583,142.889178,156417.538,2023-10-24
ECHO,2023-10-25T13:30:00.000000+0000,2023-10-25T20:00:00.000000+0000,2023-10-25T20:00:00.000000+0000,142.769613,143.171047,140.902347,141.299648,160029.67,2023-10-25
ECHO,2023-10-26T13:30:00.000000+0000,2023-10-26T20:00:00.000000+0000,2023-10-26T20:00:00.000000+0000,141.042226,141.598715,140.784427,141.340371,175820.283,2023-10-26
ECHO,2023-10-27T13:30:00.000000+0000,2023-10-27T20:00:00.000000+0000,2023-10-27T20:00:00.000000+0000,141.005756,142.657882,140.955873,142.607432,219456.962,2023-10-27
ECHO,2023-10-30T13:30:00.000000+0000,2023-10-30T20:00:00.000000+0000,2023-10-30T20:00:00.000000+0000,142.424203,142.689489,141.758509,142.023048,153327.386,2023-10-30
ECHO,2023-10-31T13:30:00.000000+0000,2023-10-31T20:00:00.000000+0000,2023-10-31T20:00:00.000000+0000,142.17873,142.715141,141.506949,142.042847,177546.9,2023-10-31
ECHO,2023-11-01T13:30:00.000000+0000,2023-11-01T20:00:00.000000+0000,2023-11-01T20:00:00.000000+0000,141.611501,141.698716,141.134657,141.221632,153300.493,2023-11-01
ECHO,2023-11-02T13:30:00.000000+0000,2023-11-02T20:00:00.000000+0000,2023-11-02T20:00:00.000000+0000,141.145872,143.534961,141.106626,143.495062,184038.663,2023-11-02
ECHO,2023-11-03T13:30:00.000000+0000,2023-11-03T20:00:00.000000+0000,2023-11-03T20:00:00.000000+0000,143.183299,143.683481,142.31525,142.814143,213863.853,2023-11-03
ECHO,2023-11-06T14:30:00.000000+0000,2023-11-06T21:00:00.000000+0000,2023-11-06T21:00:00.000000+0000,142.743234,143.091381,140.966218,141.310871,135294.331,2023-11-06
ECHO,2023-11-07T14:30:00.000000+0000,2023-11-07T21:00:00.000000+0000,2023-11-07T21:00:00.000000+0000,141.487135,141.699622,140.872029,141.08391,138263.243,2023-11-07
ECHO,2023-11-08T14:30:00.000000+0000,2023-11-08T21:00:00.000000+0000,2023-11-08T21:00:00.000000+0000,141.002269,141.218602,138.758879,138.972097,155007.083,2023-11-08
ECHO,2023-11-09T14:30:00.000000+0000,2023-11-09T21:00:00.000000+0000,2023-11-09T21:00:00.000000+0000,139.236055,139.744532,139.066926,139.574992,211135.091,2023-11-09
ECHO,2023-11-10T14:30:00.000000+0000,2023-11-10T21:00:00.000000+0000,2023-11-10T21:00:00.000000+0000,139.205101,139.708388,138.489756,138.992273,139737.844,2023-11-10
ECHO,2023-11-13T14:30:00.000000+0000,2023-11-13T21:00:00.000000+0000,2023-11-13T21:00:00.000000+0000,138.991991,139.802919,138.782141,139.592162,154575.928,2023-11-13
ECHO,2023-11-14T14:30:00.000000+0000,2023-11-14T21:00:00.000000+0000,2023-11-14T21:00:00.000000+0000,139.815888,140.61308,139.326557,140.122675,194576.116,2023-11-14
ECHO,2023-11-15T14:30:00.000000+0000,2023-11-15T21:00:00.000000+0000,2023-11-15T21:00:00.000000+0000,140.009216,140.966999,139.7034,140.659762,144739.133,2023-11-15
ECHO,2023-11-16T14:30:00.000000+0000,2023-11-16T21:00:00.000000+0000,2023-11-16T21:00:00.000000+0000,140.38082,140.527661,140.260977,140.407795,152415.253,2023-11-16
ECHO,2023-11-17T14:30:00.000000+0000,2023-11-17T21:00:00.000000+0000,2023-11-17T21:00:00.000000+0000,140.477888,140.490276,140.293135,140.305508,161627.073,2023-11-17
ECHO,2023-11-20T14:30:00.000000+0000,2023-11-20T21:00:00.000000+0000,2023-11-20T21:00:00.000000+0000,140.730921,142.922396,140.291572,142.477593,149077.62,2023-11-20
ECHO,2023-11-21T14:30:00.000000+0000,2023-11-21T21:00:00.000000+0000,2023-11-21T21:00:00.000000+0000,142.079547,142.429039,140.373123,140.719269,114965.316,2023-11-21
ECHO,2023-11-22T14:30:00.000000+0000,2023-11-22T21:00:00.000000+0000,2023-11-22T21:00:00.000000+0000,141.031709,141.28365,140.559731,140.811278,214206.343,2023-11-22
ECHO,2023-11-24T14:30:00.000000+0000,2023-11-24T18:00:00.000000+0000,2023-11-24T18:00:00.000000+0000,140.324926,140.734415,139.393906,139.801868,160319.451,2023-11-24
ECHO,2023-11-27T14:30:00.000000+0000,2023-11-27T21:00:00.000000+0000,2023-11-27T21:00:00.000000+0000,139.709305,139.797344,138.391472,138.478735,177968.56,2023-11-27
ECHO,2023-11-28T14:30:00.000000+0000,2023-11-28T21:00:00.000000+0000,2023-11-28T21:00:00.000000+0000,138.665996,139.190865,137.298779,137.820447,189322.566,2023-11-28
ECHO,2023-11-29T14:30:00.000000+0000,2023-11-29T21:00:00.000000+0000,2023-11-29T21:00:00.000000+0000,137.656745,138.519338,137.51962,138.381491,132551.468,2023-11-29
ECHO,2023-11-30T14:30:00.000000+0000,2023-11-30T21:00:00.000000+0000,2023-11-30T21:00:00.000000+0000,138.789225,138.958801,138.013028,138.181862,203217.981,2023-11-30
ECHO,2023-12-01T14:30:00.000000+0000,2023-12-01T21:00:00.000000+0000,2023-12-01T21:00:00.000000+0000,138.326973,140.00772,138.004684,139.682274,155432.954,2023-12-01
ECHO,2023-12-04T14:30:00.000000+0000,2023-12-04T21:00:00.000000+0000,2023-12-04T21:00:00.000000+0000,139.866842,140.144412,139.542757,139.820234,153986.16,2023-12-04
ECHO,2023-12-05T14:30:00.000000+0000,2023-12-05T21:00:00.000000+0000,2023-12-05T21:00:00.000000+0000,140.014865,140.445555,139.754994,140.185367,144386.612,2023-12-05
ECHO,2023-12-06T14:30:00.000000+0000,2023-12-06T21:00:00.000000+0000,2023-12-06T21:00:00.000000+0000,140.353541,141.574438,140.081815,141.300878,175139.224,2023-12-06
ECHO,2023-12-07T14:30:00.000000+0000,2023-12-07T21:00:00.000000+0000,2023-12-07T21:00:00.000000+0000,141.172616,141.72162,141.060966,141.609624,211136.705,2023-12-07
ECHO,2023-12-08T14:30:00.000000+0000,2023-12-08T21:00:00.000000+0000,2023-12-08T21:00:00.000000+0000,142.047655,142.579521,141.63802,142.169535,153557.197,2023-12-08
ECHO,2023-12-11T14:30:00.000000+0000,2023-12-11T21:00:00.000000+0000,2023-12-11T21:00:00.000000+0000,142.084143,142.564718,140.555432,141.032449,154341.891,2023-12-11
ECHO,2023-12-12T14:30:00.000000+0000,2023-12-12T21:00:00.000000+0000,2023-12-12T21:00:00.000000+0000,140.854028,141.399447,138.62904,139.167931,161594.978,2023-12-12
ECHO,2023-12-13T14:30:00.000000+0000,2023-12-13T21:00:00.000000+0000,2023-12-13T21:00:00.000000+0000,139.660147,139.744168,138.264998,138.348229,175909.992,2023-12-13
ECHO,2023-12-14T14:30:00.000000+0000,2023-12-14T21:00:00.000000+0000,2023-12-14T21:00:00.000000+0000,138.921291,139.203266,137.118452,137.397335,156435.541,2023-12-14
ECHO,2023-12-15T14:30:00.000000+0000,2023-12-15T21:00:00.000000+0000,2023-12-15T21:00:00.000000+0000,137.076443,138.665331,136.653926,138.23923,144998.806,2023-12-15
ECHO,2023-12-18T14:30:00.000000+0000,2023-12-18T21:00:00.000000+0000,2023-12-18T21:00:00.000000+0000,138.213017,138.318819,136.6571,136.76179,205568.418,2023-12-18
ECHO,2023-12-19T14:30:00.000000+0000,2023-12-19T21:00:00.000000+0000,2023-12-19T21:00:00.000000+0000,137.077679,138.222156,136.807853,137.950612,136882.43,2023-12-19
ECHO,2023-12-20T14:30:00.000000+0000,2023-12-20T21:00:00.000000+0000,2023-12-20T21:00:00.000000+0000,138.374371,139.659314,138.148258,139.431474,137891.066,2023-12-20
ECHO,2023-12-21T14:30:00.000000+0000,2023-12-21T21:00:00.000000+0000,2023-12-21T21:00:00.000000+0000,138.940084,139.128214,138.438091,138.625795,130849.656,2023-12-21
ECHO,2023-12-22T14:30:00.000000+0000,2023-12-22T21:00:00.000000+0000,2023-12-22T21:00:00.000000+0000,138.453117,140.227317,138.073145,139.843529,153843.322,2023-12-22
ECHO,2023-12-26T14:30:00.000000+0000,2023-12-26T21:00:00.000000+0000,2023-12-26T21:00:00.000000+0000,139.943012,140.121673,138.870019,139.047536,164353.58,2023-12-26
ECHO,2023-12-27T14:30:00.000000+0000,2023-12-27T21:00:00.000000+0000,2023-12-27T21:00:00.000000+0000,139.581729,139.812251,138.921087,139.150896,172415.823,2023-12-27
ECHO,2023-12-28T14:30:00.000000+0000,2023-12-28T21:00:00.000000+0000,2023-12-28T21:00:00.000000+0000,138.715207,139.2035,137.281402,137.766354,151511.833,2023-12-28
ECHO,2023-12-29T14:30:00.000000+0000,2023-12-29T21:00:00.000000+0000,2023-12-29T21:00:00.000000+0000,138.05581,138.743951,137.796704,138.484042,178391.688,2023-12-29
ECHO,2024-01-02T14:30:00.000000+0000,2024-01-02T21:00:00.000000+0000,2024-01-02T21:00:00.000000+0000,138.669891,139.197412,138.455291,138.982329,191718.986,2024-01-02
ECHO,2024-01-03T14:30:00.000000+0000,2024-01-03T21:00:00.000000+0000,2024-01-03T21:00:00.000000+0000,138.771358,139.156855,136.584888,136.965369,153502.051,2024-01-03
ECHO,2024-01-04T14:30:00.000000+0000,2024-01-04T21:00:00.000000+0000,2024-01-04T21:00:00.000000+0000,137.061124,137.734472,136.850323,137.522961,163979.45,2024-01-04
ECHO,2024-01-05T14:30:00.000000+0000,2024-01-05T21:00:00.000000+0000,2024-01-05T21:00:00.000000+0000,137.227371,138.509442,136.918945,138.198832,163837.142,2024-01-05
ECHO,2024-01-08T14:30:00.000000+0000,2024-01-08T21:00:00.000000+0000,2024-01-08T21:00:00.000000+0000,138.049535,138.318037,137.133881,137.401123,166059.373,2024-01-08
ECHO,2024-01-09T14:30:00.000000+0000,2024-01-09T21:00:00.000000+0000,2024-01-09T21:00:00.000000+0000,137.231746,137.573533,136.974953,137.31658,139967.735,2024-01-09
ECHO,2024-01-10T14:30:00.000000+0000,2024-01-10T21:00:00.000000+0000,2024-01-10T21:00:00.000000+0000,137.960796,138.382835,137.505762,137.9277,169560.337,2024-01-10
ECHO,2024-01-11T14:30:00.000000+0000,2024-01-11T21:00:00.000000+0000,2024-01-11T21:00:00.000000+0000,138.251033,138.253902,137.548844,137.551697,110895.993,2024-01-11
ECHO,2024-01-12T14:30:00.000000+0000,2024-01-12T21:00:00.000000+0000,2024-01-12T21:00:00.000000+0000,137.441851,137.641283,137.35644,137.555801,157079.79,2024-01-12
ECHO,2024-01-16T14:30:00.000000+0000,2024-01-16T21:00:00.000000+0000,2024-01-16T21:00:00.000000+0000,137.612379,138.014264,136.172838,136.571684,137208.974,2024-01-16
ECHO,2024-01-17T14:30:00.000000+0000,2024-01-17T21:00:00.000000+0000,2024-01-17T21:00:00.000000+0000,136.68084,137.708393,136.405512,137.431553,171463.62,2024-01-17
ECHO,2024-01-18T14:30:00.000000+0000,2024-01-18T21:00:00.000000+0000,2024-01-18T21:00:00.000000+0000,137.288686,137.753153,136.177403,136.639673,160247.328,2024-01-18
ECHO,2024-01-19T14:30:00.000000+0000,2024-01-19T21:00:00.000000+0000,2024-01-19T21:00:00.000000+0000,137.124521,137.290388,136.907403,137.073208,181938.519,2024-01-19
ECHO,2024-01-22T14:30:00.000000+0000,2024-01-22T21:00:00.000000+0000,2024-01-22T21:00:00.000000+0000,137.05685,137.460676,136.827656,137.23119,178947.42,2024-01-22
ECHO,2024-01-23T14:30:00.000000+0000,2024-01-23T21:00:00.000000+0000,2024-01-23T21:00:00.000000+0000,137.149079,137.239867,136.901511,136.992195,102802.997,2024-01-23
ECHO,2024-01-24T14:30:00.000000+0000,2024-01-24T21:00:00.000000+0000,2024-01-24T21:00:00.000000+0000,137.340819,140.171631,136.897173,139.720298,216014.571,2024-01-24
ECHO,2024-01-25T14:30:00.000000+0000,2024-01-25T21:00:00.000000+0000,2024-01-25T21:00:00.000000+0000,139.7154,141.981331,139.61657,141.88097,152827.089,2024-01-25
ECHO,2024-01-26T14:30:00.000000+0000,2024-01-26T21:00:00.000000+0000,2024-01-26T21:00:00.000000+0000,141.884211,143.485366,141.743326,143.343032,208414.926,2024-01-26
ECHO,2024-01-29T14:30:00.000000+0000,2024-01-29T21:00:00.000000+0000,2024-01-29T21:00:00.000000+0000,143.985066,145.149818,143.628231,144.790985,162489.788,2024-01-29
ECHO,2024-01-30T14:30:00.000000+0000,2024-01-30T21:00:00.000000+0000,2024-01-30T21:00:00.000000+0000,144.415986,144.928148,142.270432,142.77678,164628.388,2024-01-30
ECHO,2024-01-31T14:30:00.000000+0000,2024-01-31T21:00:00.000000+0000,2024-01-31T21:00:00.000000+0000,142.694208,143.971806,142.340159,143.615471,149065.826,2024-01-31
ECHO,2024-02-01T14:30:00.000000+0000,2024-02-01T21:00:00.000000+0000,2024-02-01T21:00:00.000000+0000,143.657658,143.737752,142.853286,142.932976,191580.445,2024-02-01
ECHO,2024-02-02T14:30:00.000000+0000,2024-02-02T21:00:00.000000+0000,2024-02-02T21:00:00.000000+0000,142.903128,143.354531,141.848814,142.298306,157917.745,2024-02-02
ECHO,2024-02-05T14:30:00.000000+0000,2024-02-05T21:00:00.000000+0000,2024-02-05T21:00:00.000000+0000,142.259544,142.3716,141.376758,141.488206,182401.129,2024-02-05
ECHO,2024-02-06T14:30:00.000000+0000,2024-02-06T21:00:00.000000+0000,2024-02-06T21:00:00.000000+0000,141.240364,142.981405,141.026585,142.765319,162780.359,2024-02-06
ECHO,2024-02-07T14:30:00.000000+0000,2024-02-07T21:00:00.000000+0000,2024-02-07T21:00:00.000000+0000,142.799932,142.841901,142.065772,142.107538,157216.501,2024-02-07
ECHO,2024-02-08T14:30:00.000000+0000,2024-02-08T21:00:00.000000+0000,2024-02-08T21:00:00.000000+0000,142.333554,142.564371,140.810574,141.039292,157359.809,2024-02-08
ECHO,2024-02-09T14:30:00.000000+0000,2024-02-09T21:00:00.000000+0000,2024-02-09T21:00:00.000000+0000,141.085103,141.349502,140.59922,140.863203,139444.601,2024-02-09
ECHO,2024-02-12T14:30:00.000000+0000,2024-02-12T21:00:00.000000+0000,2024-02-12T21:00:00.000000+0000,140.852964,141.274688,139.795869,140.215685,139013.122,2024-02-12
ECHO,2024-02-13T14:30:00.000000+0000,2024-02-13T21:00:00.000000+0000,2024-02-13T21:00:00.000000+0000,140.110669,141.078951,140.024029,140.991766,187438.729,2024-02-13
ECHO,2024-02-14T14:30:00.000000+0000,2024-02-14T21:00:00.000000+0000,2024-02-14T21:00:00.000000+0000,140.965723,142.238499,140.80364,142.075141,165022.951,2024-02-14
ECHO,2024-02-15T14:30:00.000000+0000,2024-02-15T21:00:00.000000+0000,2024-02-15T21:00:00.000000+0000,141.733137,144.034824,141.596152,143.895748,130741.84,2024-02-15
ECHO,2024-02-16T14:30:00.000000+0000,2024-02-16T21:00:00.000000+0000,2024-02-16T21:00:00.000000+0000,143.588738,144.070814,143.075915,143.557887,145806.0,2024-02-16
ECHO,2024-02-20T14:30:00.000000+0000,2024-02-20T21:00:00.000000+0000,2024-02-20T21:00:00.000000+0000,143.691748,143.858962,142.938673,143.105204,182395.022,2024-02-20
ECHO,2024-02-21T14:30:00.000000+0000,2024-02-21T21:00:00.000000+0000,2024-02-21T21:00:00.000000+0000,142.811529,143.102754,140.082798,140.369042,164050.19,2024-02-21
ECHO,2024-02-22T14:30:00.000000+0000,2024-02-22T21:00:00.000000+0000,2024-02-22T21:00:00.000000+0000,141.022546,141.393495,140.400817,140.771105,148905.089,2024-02-22
ECHO,2024-02-23T14:30:00.000000+0000,2024-02-23T21:00:00.000000+0000,2024-02-23T21:00:00.000000+0000,140.963975,141.547308,139.627661,140.207865,127459.582,2024-02-23
ECHO,2024-02-26T14:30:00.000000+0000,2024-02-26T21:00:00.000000+0000,2024-02-26T21:00:00.000000+0000,139.97162,140.218404,138.370574,138.614966,152884.309,2024-02-26
ECHO,2024-02-27T14:30:00.000000+0000,2024-02-27T21:00:00.000000+0000,2024-02-27T21:00:00.000000+0000,138.522716,138.619096,138.197341,138.293561,200906.199,2024-02-27
ECHO,2024-02-28T14:30:00.000000+0000,2024-02-28T21:00:00.000000+0000,2024-02-28T21:00:00.000000+0000,137.900086,138.970898,137.651895,138.72123,190398.512,2024-02-28
ECHO,2024-02-29T14:30:00.000000+0000,2024-02-29T21:00:00.000000+0000,2024-02-29T21:00:00.000000+0000,138.712855,139.879149,138.571284,139.736533,132946.045,2024-02-29
ECHO,2024-03-01T14:30:00.000000+0000,2024-03-01T21:00:00.000000+0000,2024-03-01T21:00:00.000000+0000,139.672254,139.859128,139.498646,139.685503,167843.061,2024-03-01
ECHO,2024-03-04T14:30:00.000000+0000,2024-03-04T21:00:00.000000+0000,2024-03-04T21:00:00.000000+0000,139.293978,139.864401,138.902139,139.472061,165600.316,2024-03-04
ECHO,2024-03-05T14:30:00.000000+0000,2024-03-05T21:00:00.000000+0000,2024-03-05T21:00:00.000000+0000,139.525015,140.005131,136.34082,136.811599,152410.173,2024-03-05
ECHO,2024-03-06T14:30:00.000000+0000,2024-03-06T21:00:00.000000+0000,2024-03-06T21:00:00.000000+0000,136.612999,136.811393,135.233689,135.430366,158121.818,2024-03-06
ECHO,2024-03-07T14:30:00.000000+0000,2024-03-07T21:00:00.000000+0000,2024-03-07T21:00:00.000000+0000,135.405727,137.636818,135.247397,137.476067,120154.923,2024-03-07
ECHO,2024-03-08T14:30:00.000000+0000,2024-03-08T21:00:00.000000+0000,2024-03-08T21:00:00.000000+0000,137.321838,137.645894,136.868554,137.192303,166115.523,2024-03-08
ECHO,2024-03-11T13:30:00.000000+0000,2024-03-11T20:00:00.000000+0000,2024-03-11T20:00:00.000000+0000,137.521443,139.749024,136.977479,139.198427,182389.55,2024-03-11
ECHO,2024-03-12T13:30:00.000000+0000,2024-03-12T20:00:00.000000+0000,2024-03-12T20:00:00.000000+0000,139.583316,140.750488,139.197121,140.362138,210340.913,2024-03-12
ECHO,2024-03-13T13:30:00.000000+0000,2024-03-13T20:00:00.000000+0000,2024-03-13T20:00:00.000000+0000,140.881717,143.717586,140.465952,143.2947,180946.561,2024-03-13
ECHO,2024-03-14T13:30:00.000000+0000,2024-03-14T20:00:00.000000+0000,2024-03-14T20:00:00.000000+0000,143.235883,143.865879,142.955332,143.584645,154712.587,2024-03-14
ECHO,2024-03-15T13:30:00.000000+0000,2024-03-15T20:00:00.000000+0000,2024-03-15T20:00:00.000000+0000,143.763049,143.947016,140.522968,140.703019,158155.51,2024-03-15
ECHO,2024-03-18T13:30:00.000000+0000,2024-03-18T20:00:00.000000+0000,2024-03-18T20:00:00.000000+0000,140.040259,140.561642,139.046125,139.56574,157460.327,2024-03-18
ECHO,2024-03-19T13:30:00.000000+0000,2024-03-19T20:00:00.000000+0000,2024-03-19T20:00:00.000000+0000,139.692907,141.632357,139.209879,141.14431,170253.54,2024-03-19
ECHO,2024-03-20T13:30:00.000000+0000,2024-03-20T20:00:00.000000+0000,2024-03-20T20:00:00.000000+0000,141.552032,144.384839,141.444698,144.27544,233189.449,2024-03-20
ECHO,2024-03-21T13:30:00.000000+0000,2024-03-21T20:00:00.000000+0000,2024-03-21T20:00:00.000000+0000,144.589127,144.908554,142.443016,142.758398,201543.779,2024-03-21
ECHO,2024-03-22T13:30:00.000000+0000,2024-03-22T20:00:00.000000+0000,2024-03-22T20:00:00.000000+0000,142.424733,143.796713,142.180989,143.551042,202124.184,2024-03-22
ECHO,2024-03-25T13:30:00.000000+0000,2024-03-25T20:00:00.000000+0000,2024-03-25T20:00:00.000000+0000,143.015005,143.381189,140.650996,141.012051,176279.56,2024-03-25
ECHO,2024-03-26T13:30:00.000000+0000,2024-03-26T20:00:00.000000+0000,2024-03-26T20:00:00.000000+0000,141.567421,143.649474,141.508381,143.589591,207201.009,2024-03-26
ECHO,2024-03-27T13:30:00.000000+0000,2024-03-27T20:00:00.000000+0000,2024-03-27T20:00:00.000000+0000,143.428922,143.651666,142.807543,143.029667,135496.263,2024-03-27
ECHO,2024-03-28T13:30:00.000000+0000,2024-03-28T20:00:00.000000+0000,2024-03-28T20:00:00.000000+0000,142.718476,143.061503,142.30393,142.646784,137743.731,2024-03-28
ECHO,2024-04-01T13:30:00.000000+0000,2024-04-01T20:00:00.000000+0000,2024-04-01T20:00:00.000000+0000,142.857983,143.048989,141.916524,142.106525,135678.708,2024-04-01
ECHO,2024-04-02T13:30:00.000000+0000,2024-04-02T20:00:00.000000+0000,2024-04-02T20:00:00.000000+0000,141.956515,142.288226,140.518267,140.847386,156122.621,2024-04-02
ECHO,2024-04-03T13:30:00.000000+0000,2024-04-03T20:00:00.000000+0000,2024-04-03T20:00:00.000000+0000,140.857023,142.975233,140.477243,142.590779,191446.412,2024-04-03
ECHO,2024-04-04T13:30:00.000000+0000,2024-04-04T20:00:00.000000+0000,2024-04-04T20:00:00.000000+0000,142.502346,142.638546,142.013769,142.149633,164623.145,2024-04-04
ECHO,2024-04-05T13:30:00.000000+0000,2024-04-05T20:00:00.000000+0000,2024-04-05T20:00:00.000000+0000,142.283438,142.360168,140.500288,140.576097,142401.919,2024-04-05
ECHO,2024-04-08T13:30:00.000000+0000,2024-04-08T20:00:00.000000+0000,2024-04-08T20:00:00.000000+0000,140.373896,140.625471,137.895425,138.143001,145196.738,2024-04-08
ECHO,2024-04-09T13:30:00.000000+0000,2024-04-09T20:00:00.000000+0000,2024-04-09T20:00:00.000000+0000,138.338347,138.392972,136.927494,136.981583,128417.531,2024-04-09
ECHO,2024-04-10T13:30:00.000000+0000,2024-04-10T20:00:00.000000+0000,2024-04-10T20:00:00.000000+0000,136.89011,137.694133,136.640375,137.443389,130849.543,2024-04-10
ECHO,2024-04-11T13:30:00.000000+0000,2024-04-11T20:00:00.000000+0000,2024-04-11T20:00:00.000000+0000,137.276601,137.771601,137.057102,137.551662,153430.858,2024-04-11
ECHO,2024-04-12T13:30:00.000000+0000,2024-04-12T20:00:00.000000+0000,2024-04-12T20:00:00.000000+0000,137.593445,138.495039,137.409287,138.309922,203145.032,2024-04-12
ECHO,2024-04-15T13:30:00.000000+0000,2024-04-15T20:00:00.000000+0000,2024-04-15T20:00:00.000000+0000,138.444969,138.610119,138.124372,138.289335,165078.554,2024-04-15
ECHO,2024-04-16T13:30:00.000000+0000,2024-04-16T20:00:00.000000+0000,2024-04-16T20:00:00.000000+0000,138.323635,141.405803,137.878963,140.95268,148738.147,2024-04-16
ECHO,2024-04-17T13:30:00.000000+0000,2024-04-17T20:00:00.000000+0000,2024-04-17T20:00:00.000000+0000,141.168997,141.457243,140.522145,140.809658,203563.847,2024-04-17
ECHO,2024-04-18T13:30:00.000000+0000,2024-04-18T20:00:00.000000+0000,2024-04-18T20:00:00.000000+0000,141.173198,141.483353,140.270468,140.579318,156475.951,2024-04-18
ECHO,2024-04-19T13:30:00.000000+0000,2024-04-19T20:00:00.000000+0000,2024-04-19T20:00:00.000000+0000,140.721755,141.212931,140.465705,140.956453,209409.316,2024-04-19
ECHO,2024-04-22T13:30:00.000000+0000,2024-04-22T20:00:00.000000+0000,2024-04-22T20:00:00.000000+0000,140.978575,142.504056,140.753805,142.277216,151912.16,2024-04-22
ECHO,2024-04-23T13:30:00.000000+0000,2024-04-23T20:00:00.000000+0000,2024-04-23T20:00:00.000000+0000,141.932041,145.68472,141.569183,145.313218,143917.906,2024-04-23
ECHO,2024-04-24T13:30:00.000000+0000,2024-04-24T20:00:00.000000+0000,2024-04-24T20:00:00.000000+0000,145.632369,145.73534,144.209211,144.311248,165890.999,2024-04-24
ECHO,2024-04-25T13:30:00.000000+0000,2024-04-25T20:00:00.000000+0000,2024-04-25T20:00:00.000000+0000,144.643229,144.66525,143.071859,143.093644,220298.744,2024-04-25
ECHO,2024-04-26T13:30:00.000000+0000,2024-04-26T20:00:00.000000+0000,2024-04-26T20:00:00.000000+0000,142.971933,143.278049,142.368777,142.674256,177321.081,2024-04-26
ECHO,2024-04-29T13:30:00.000000+0000,2024-04-29T20:00:00.000000+0000,2024-04-29T20:00:00.000000+0000,142.881456,143.691106,142.55656,143.36511,189019.92,2024-04-29
ECHO,2024-04-30T13:30:00.000000+0000,2024-04-30T20:00:00.000000+0000,2024-04-30T20:00:00.000000+0000,143.513944,146.357173,142.974205,145.808803,176019.336,2024-04-30
ECHO,2024-05-01T13:30:00.000000+0000,2024-05-01T20:00:00.000000+0000,2024-05-01T20:00:00.000000+0000,146.381725,147.718982,145.95706,147.291677,124136.554,2024-05-01
ECHO,2024-05-02T13:30:00.000000+0000,2024-05-02T20:00:00.000000+0000,2024-05-02T20:00:00.000000+0000,148.060865,148.271948,147.53788,147.748519,203685.334,2024-05-02
ECHO,2024-05-03T13:30:00.000000+0000,2024-05-03T20:00:00.000000+0000,2024-05-03T20:00:00.000000+0000,147.756436,150.284244,147.304141,149.825614,146785.58,2024-05-03
ECHO,2024-05-06T13:30:00.000000+0000,2024-05-06T20:00:00.000000+0000,2024-05-06T20:00:00.000000+0000,150.013119,150.69213,149.751075,150.429358,206251.271,2024-05-06
ECHO,2024-05-07T13:30:00.000000+0000,2024-05-07T20:00:00.000000+0000,2024-05-07T20:00:00.000000+0000,150.561336,151.823101,150.119296,151.378662,117640.48,2024-05-07
ECHO,2024-05-08T13:30:00.000000+0000,2024-05-08T20:00:00.000000+0000,2024-05-08T20:00:00.000000+0000,151.352754,152.391246,150.98791,152.024783,168306.54,2024-05-08
ECHO,2024-05-09T13:30:00.000000+0000,2024-05-09T20:00:00.000000+0000,2024-05-09T20:00:00.000000+0000,152.317022,152.565923,151.177698,151.425141,163950.21,2024-05-09
ECHO,2024-05-10T13:30:00.000000+0000,2024-05-10T20:00:00.000000+0000,2024-05-10T20:00:00.000000+0000,151.782876,151.825176,150.924704,150.966776,177797.862,2024-05-10
ECHO,2024-05-13T13:30:00.000000+0000,2024-05-13T20:00:00.000000+0000,2024-05-13T20:00:00.000000+0000,150.865965,151.76482,150.701871,151.599928,171181.835,2024-05-13
ECHO,2024-05-14T13:30:00.000000+0000,2024-05-14T20:00:00.000000+0000,2024-05-14T20:00:00.000000+0000,151.972091,152.433956,150.658721,151.11799,159489.448,2024-05-14
ECHO,2024-05-15T13:30:00.000000+0000,2024-05-15T20:00:00.000000+0000,2024-05-15T20:00:00.000000+0000,151.38267,153.152595,150.948495,152.714599,160635.694,2024-05-15
ECHO,2024-05-16T13:30:00.000000+0000,2024-05-16T20:00:00.000000+0000,2024-05-16T20:00:00.000000+0000,152.502912,152.932222,152.294782,152.72379,184550.423,2024-05-16
ECHO,2024-05-17T13:30:00.000000+0000,2024-05-17T20:00:00.000000+0000,2024-05-17T20:00:00.000000+0000,152.710916,153.131463,152.565258,152.985543,126408.066,2024-05-17
ECHO,2024-05-20T13:30:00.000000+0000,2024-05-20T20:00:00.000000+0000,2024-05-20T20:00:00.000000+0000,153.24006,153.462751,151.043089,151.262908,171023.827,2024-05-20
ECHO,2024-05-21T13:30:00.000000+0000,2024-05-21T20:00:00.000000+0000,2024-05-21T20:00:00.000000+0000,151.637951,154.051708,151.533158,153.945321,161656.565,2024-05-21
ECHO,2024-05-22T13:30:00.000000+0000,2024-05-22T20:00:00.000000+0000,2024-05-22T20:00:00.000000+0000,153.892765,154.258991,152.510064,152.873865,196000.796,2024-05-22
ECHO,2024-05-23T13:30:00.000000+0000,2024-05-23T20:00:00.000000+0000,2024-05-23T20:00:00.000000+0000,152.467388,152.859198,150.371131,150.75855,189990.351,2024-05-23
ECHO,2024-05-24T13:30:00.000000+0000,2024-05-24T20:00:00.000000+0000,2024-05-24T20:00:00.000000+0000,150.702355,150.983046,150.414036,150.694713,173297.908,2024-05-24
ECHO,2024-05-28T13:30:00.000000+0000,2024-05-28T20:00:00.000000+0000,2024-05-28T20:00:00.000000+0000,150.798637,151.188052,150.290671,150.67978,177050.818,2024-05-28
ECHO,2024-05-29T13:30:00.000000+0000,2024-05-29T20:00:00.000000+0000,2024-05-29T20:00:00.000000+0000,150.383853,153.157963,149.934165,152.701345,193884.417,2024-05-29
ECHO,2024-05-30T13:30:00.000000+0000,2024-05-30T20:00:00.000000+0000,2024-05-30T20:00:00.000000+0000,152.758176,152.835447,151.401147,151.477771,159977.45,2024-05-30
ECHO,2024-05-31T13:30:00.000000+0000,2024-05-31T20:00:00.000000+0000,2024-05-31T20:00:00.000000+0000,151.536668,151.666292,151.242011,151.371494,154195.922,2024-05-31
ECHO,2024-06-03T13:30:00.000000+0000,2024-06-03T20:00:00.000000+0000,2024-06-03T20:00:00.000000+0000,150.944817,151.338375,148.442282,148.830327,166857.144,2024-06-03
ECHO,2024-06-04T13:30:00.000000+0000,2024-06-04T20:00:00.000000+0000,2024-06-04T20:00:00.000000+0000,148.340442,148.689259,146.230871,146.575538,161381.056,2024-06-04
ECHO,2024-06-05T13:30:00.000000+0000,2024-06-05T20:00:00.000000+0000,2024-06-05T20:00:00.000000+0000,146.726926,146.962931,145.961453,146.196605,144318.521,2024-06-05
ECHO,2024-06-06T13:30:00.000000+0000,2024-06-06T20:00:00.000000+0000,2024-06-06T20:00:00.000000+0000,145.971216,147.110017,145.757831,146.895281,163215.022,2024-06-06
ECHO,2024-06-07T13:30:00.000000+0000,2024-06-07T20:00:00.000000+0000,2024-06-07T20:00:00.000000+0000,146.93875,147.445396,146.672897,147.179108,152741.475,2024-06-07
ECHO,2024-06-10T13:30:00.000000+0000,2024-06-10T20:00:00.000000+0000,2024-06-10T20:00:00.000000+0000,147.07567,148.713873,146.412693,148.04652,144985.821,2024-06-10
ECHO,2024-06-11T13:30:00.000000+0000,2024-06-11T20:00:00.000000+0000,2024-06-11T20:00:00.000000+0000,147.881308,148.66417,146.41454,147.193762,173364.57,2024-06-11
ECHO,2024-06-12T13:30:00.000000+0000,2024-06-12T20:00:00.000000+0000,2024-06-12T20:00:00.000000+0000,146.787513,147.204784,145.946222,146.362284,141987.48,2024-06-12
ECHO,2024-06-13T13:30:00.000000+0000,2024-06-13T20:00:00.000000+0000,2024-06-13T20:00:00.000000+0000,146.628388,146.890712,145.906892,146.168393,152364.449,2024-06-13
ECHO,2024-06-14T13:30:00.000000+0000,2024-06-14T20:00:00.000000+0000,2024-06-14T20:00:00.000000+0000,146.638811,147.777401,146.262477,147.399116,188329.509,2024-06-14
ECHO,2024-06-17T13:30:00.000000+0000,2024-06-17T20:00:00.000000+0000,2024-06-17T20:00:00.000000+0000,147.527329,147.756816,145.463309,145.689938,178385.669,2024-06-17
ECHO,2024-06-18T13:30:00.000000+0000,2024-06-18T20:00:00.000000+0000,2024-06-18T20:00:00.000000+0000,146.042279,146.354041,144.990098,145.300276,213255.529,2024-06-18
ECHO,2024-06-20T13:30:00.000000+0000,2024-06-20T20:00:00.000000+0000,2024-06-20T20:00:00.000000+0000,145.547428,147.175395,145.22548,146.850564,169011.659,2024-06-20
ECHO,2024-06-21T13:30:00.000000+0000,2024-06-21T20:00:00.000000+0000,2024-06-21T20:00:00.000000+0000,146.890871,150.004605,146.780885,149.892371,160570.627,2024-06-21
ECHO,2024-06-24T13:30:00.000000+0000,2024-06-24T20:00:00.000000+0000,2024-06-24T20:00:00.000000+0000,149.95868,152.041167,149.721158,151.800728,171210.925,2024-06-24
ECHO,2024-06-25T13:30:00.000000+0000,2024-06-25T20:00:00.000000+0000,2024-06-25T20:00:00.000000+0000,151.807197,152.228263,151.065986,151.486162,179775.99,2024-06-25
ECHO,2024-06-26T13:30:00.000000+0000,2024-06-26T20:00:00.000000+0000,2024-06-26T20:00:00.000000+0000,151.536805,151.632695,151.162934,151.258648,212906.506,2024-06-26
ECHO,2024-06-27T13:30:00.000000+0000,2024-06-27T20:00:00.000000+0000,2024-06-27T20:00:00.000000+0000,151.215724,151.505924,149.70926,149.997121,154603.936,2024-06-27
ECHO,2024-06-28T13:30:00.000000+0000,2024-06-28T20:00:00.000000+0000,2024-06-28T20:00:00.000000+0000,149.850601,150.38168,147.979501,148.505815,200367.137,2024-06-28
ECHO,2024-07-01T13:30:00.000000+0000,2024-07-01T20:00:00.000000+0000,2024-07-01T20:00:00.000000+0000,148.637805,151.134236,148.356508,150.848754,178593.526,2024-07-01
ECHO,2024-07-02T13:30:00.000000+0000,2024-07-02T20:00:00.000000+0000,2024-07-02T20:00:00.000000+0000,150.871019,151.957886,150.597976,151.683373,171221.94,2024-07-02
ECHO,2024-07-03T13:30:00.000000+0000,2024-07-03T17:00:00.000000+0000,2024-07-03T17:00:00.000000+0000,151.54954,152.538942,151.20821,152.196156,167817.631,2024-07-03
ECHO,2024-07-05T13:30:00.000000+0000,2024-07-05T20:00:00.000000+0000,2024-07-05T20:00:00.000000+0000,152.379685,152.5901,151.307524,151.516748,181048.54,2024-07-05
ECHO,2024-07-08T13:30:00.000000+0000,2024-07-08T20:00:00.000000+0000,2024-07-08T20:00:00.000000+0000,151.242106,151.457994,149.449821,149.663456,150340.987,2024-07-08
ECHO,2024-07-09T13:30:00.000000+0000,2024-07-09T20:00:00.000000+0000,2024-07-09T20:00:00.000000+0000,149.342562,150.304344,148.892195,149.852439,140736.148,2024-07-09
ECHO,2024-07-10T13:30:00.000000+0000,2024-07-10T20:00:00.000000+0000,2024-07-10T20:00:00.000000+0000,149.642971,150.13012,149.068077,149.55494,149404.488,2024-07-10
ECHO,2024-07-11T13:30:00.000000+0000,2024-07-11T20:00:00.000000+0000,2024-07-11T20:00:00.000000+0000,149.498664,149.646365,148.055239,148.201658,184414.769,2024-07-11
ECHO,2024-07-12T13:30:00.000000+0000,2024-07-12T20:00:00.000000+0000,2024-07-12T20:00:00.000000+0000,148.452633,148.906934,148.04603,148.5002,176421.178,2024-07-12
ECHO,2024-07-15T13:30:00.000000+0000,2024-07-15T20:00:00.000000+0000,2024-07-15T20:00:00.000000+0000,148.522056,150.314893,148.302893,150.093411,144026.79,2024-07-15
ECHO,2024-07-16T13:30:00.000000+0000,2024-07-16T20:00:00.000000+0000,2024-07-16T20:00:00.000000+0000,150.480624,150.896674,147.959498,148.369712,146679.376,2024-07-16
ECHO,2024-07-17T13:30:00.000000+0000,2024-07-17T20:00:00.000000+0000,2024-07-17T20:00:00.000000+0000,148.381531,148.633763,146.62216,146.871825,137416.04,2024-07-17
ECHO,2024-07-18T13:30:00.000000+0000,2024-07-18T20:00:00.000000+0000,2024-07-18T20:00:00.000000+0000,146.924009,148.977126,146.691207,148.741444,141085.236,2024-07-18
ECHO,2024-07-19T13:30:00.000000+0000,2024-07-19T20:00:00.000000+0000,2024-07-19T20:00:00.000000+0000,148.301428,148.366116,146.581222,146.645188,153935.056,2024-07-19
ECHO,2024-07-22T13:30:00.000000+0000,2024-07-22T20:00:00.000000+0000,2024-07-22T20:00:00.000000+0000,146.620231,147.159683,146.455327,146.994359,179442.646,2024-07-22
ECHO,2024-07-23T13:30:00.000000+0000,2024-07-23T20:00:00.000000+0000,2024-07-23T20:00:00.000000+0000,146.975089,148.441353,146.596351,148.059819,158350.052,2024-07-23
ECHO,2024-07-24T13:30:00.000000+0000,2024-07-24T20:00:00.000000+0000,2024-07-24T20:00:00.000000+0000,147.826738,150.42709,147.514215,150.109741,134672.182,2024-07-24
ECHO,2024-07-25T13:30:00.000000+0000,2024-07-25T20:00:00.000000+0000,2024-07-25T20:00:00.000000+0000,150.271691,150.643534,150.111974,150.483593,186788.993,2024-07-25
ECHO,2024-07-26T13:30:00.000000+0000,2024-07-26T20:00:00.000000+0000,2024-07-26T20:00:00.000000+0000,150.381729,151.034737,149.921179,150.5736,137531.261,2024-07-26
ECHO,2024-07-29T13:30:00.000000+0000,2024-07-29T20:00:00.000000+0000,2024-07-29T20:00:00.000000+0000,150.369492,153.042901,150.011472,152.679381,193992.459,2024-07-29
ECHO,2024-07-30T13:30:00.000000+0000,2024-07-30T20:00:00.000000+0000,2024-07-30T20:00:00.000000+0000,153.188295,155.024351,152.875581,154.708534,214413.537,2024-07-30
ECHO,2024-07-31T13:30:00.000000+0000,2024-07-31T20:00:00.000000+0000,2024-07-31T20:00:00.000000+0000,154.618907,155.098035,153.189093,153.665266,141304.561,2024-07-31
ECHO,2024-08-01T13:30:00.000000+0000,2024-08-01T20:00:00.000000+0000,2024-08-01T20:00:00.000000+0000,153.794407,153.846957,152.888579,152.940838,137552.556,2024-08-01
ECHO,2024-08-02T13:30:00.000000+0000,2024-08-02T20:00:00.000000+0000,2024-08-02T20:00:00.000000+0000,153.083586,154.205499,152.978332,154.099546,173519.01,2024-08-02
ECHO,2024-08-05T13:30:00.000000+0000,2024-08-05T20:00:00.000000+0000,2024-08-05T20:00:00.000000+0000,154.378916,154.61028,153.016992,153.24666,140738.249,2024-08-05
ECHO,2024-08-06T13:30:00.000000+0000,2024-08-06T20:00:00.000000+0000,2024-08-06T20:00:00.000000+0000,153.101325,153.502026,152.942989,153.34344,160302.505,2024-08-06
ECHO,2024-08-07T13:30:00.000000+0000,2024-08-07T20:00:00.000000+0000,2024-08-07T20:00:00.000000+0000,153.37475,153.812369,153.114935,153.552253,209222.569,2024-08-07
ECHO,2024-08-08T13:30:00.000000+0000,2024-08-08T20:00:00.000000+0000,2024-08-08T20:00:00.000000+0000,153.331321,153.851334,151.273327,151.788106,139220.476,2024-08-08
ECHO,2024-08-09T13:30:00.000000+0000,2024-08-09T20:00:00.000000+0000,2024-08-09T20:00:00.000000+0000,151.8102,152.293428,150.740272,151.221626,192856.867,2024-08-09
ECHO,2024-08-12T13:30:00.000000+0000,2024-08-12T20:00:00.000000+0000,2024-08-12T20:00:00.000000+0000,151.094522,151.480579,149.637453,150.020767,173368.881,2024-08-12
ECHO,2024-08-13T13:30:00.000000+0000,2024-08-13T20:00:00.000000+0000,2024-08-13T20:00:00.000000+0000,149.858762,151.18503,149.466739,150.790569,215210.915,2024-08-13
ECHO,2024-08-14T13:30:00.000000+0000,2024-08-14T20:00:00.000000+0000,2024-08-14T20:00:00.000000+0000,150.932825,151.320173,148.912828,149.295974,180020.002,2024-08-14
ECHO,2024-08-15T13:30:00.000000+0000,2024-08-15T20:00:00.000000+0000,2024-08-15T20:00:00.000000+0000,148.859739,150.21779,148.49351,149.849128,139732.626,2024-08-15
ECHO,2024-08-16T13:30:00.000000+0000,2024-08-16T20:00:00.000000+0000,2024-08-16T20:00:00.000000+0000,149.67234,153.288888,149.049412,152.653553,156687.83,2024-08-16
ECHO,2024-08-19T13:30:00.000000+0000,2024-08-19T20:00:00.000000+0000,2024-08-19T20:00:00.000000+0000,152.427572,154.469644,151.947032,153.984196,141188.118,2024-08-19
ECHO,2024-08-20T13:30:00.000000+0000,2024-08-20T20:00:00.000000+0000,2024-08-20T20:00:00.000000+0000,153.846405,154.34626,152.377688,152.874385,163802.242,2024-08-20
ECHO,2024-08-21T13:30:00.000000+0000,2024-08-21T20:00:00.000000+0000,2024-08-21T20:00:00.000000+0000,152.396929,152.784625,151.605236,151.991902,153357.966,2024-08-21
ECHO,2024-08-22T13:30:00.000000+0000,2024-08-22T20:00:00.000000+0000,2024-08-22T20:00:00.000000+0000,152.459992,153.08613,152.247491,152.873053,190552.666,2024-08-22
ECHO,2024-08-23T13:30:00.000000+0000,2024-08-23T20:00:00.000000+0000,2024-08-23T20:00:00.000000+0000,153.415966,153.59225,152.406532,152.581857,158105.537,2024-08-23
ECHO,2024-08-26T13:30:00.000000+0000,2024-08-26T20:00:00.000000+0000,2024-08-26T20:00:00.000000+0000,152.700452,152.874936,151.620318,151.793766,169489.158,2024-08-26
ECHO,2024-08-27T13:30:00.000000+0000,2024-08-27T20:00:00.000000+0000,2024-08-27T20:00:00.000000+0000,151.725483,152.264034,151.459215,151.997289,163953.931,2024-08-27
ECHO,2024-08-28T13:30:00.000000+0000,2024-08-28T20:00:00.000000+0000,2024-08-28T20:00:00.000000+0000,152.018953,154.662177,151.690002,154.328229,148772.868,2024-08-28
ECHO,2024-08-29T13:30:00.000000+0000,2024-08-29T20:00:00.000000+0000,2024-08-29T20:00:00.000000+0000,154.156872,157.998273,153.866839,157.701571,161665.773,2024-08-29
ECHO,2024-08-30T13:30:00.000000+0000,2024-08-30T20:00:00.000000+0000,2024-08-30T20:00:00.000000+0000,157.563157,158.156541,157.19699,157.789847,123968.867,2024-08-30
ECHO,2024-09-03T13:30:00.000000+0000,2024-09-03T20:00:00.000000+0000,2024-09-03T20:00:00.000000+0000,157.559326,158.097706,157.288313,157.826233,143140.611,2024-09-03
ECHO,2024-09-04T13:30:00.000000+0000,2024-09-04T20:00:00.000000+0000,2024-09-04T20:00:00.000000+0000,158.340493,158.660161,155.582265,155.897,167128.031,2024-09-04
ECHO,2024-09-05T13:30:00.000000+0000,2024-09-05T20:00:00.000000+0000,2024-09-05T20:00:00.000000+0000,155.746331,156.459265,155.437296,156.14943,135633.542,2024-09-05
ECHO,2024-09-06T13:30:00.000000+0000,2024-09-06T20:00:00.000000+0000,2024-09-06T20:00:00.000000+0000,156.096396,157.26268,155.930467,157.095689,156121.443,2024-09-06
ECHO,2024-09-09T13:30:00.000000+0000,2024-09-09T20:00:00.000000+0000,2024-09-09T20:00:00.000000+0000,156.291385,158.013756,156.1551,157.876089,202721.615,2024-09-09
ECHO,2024-09-10T13:30:00.000000+0000,2024-09-10T20:00:00.000000+0000,2024-09-10T20:00:00.000000+0000,158.138289,158.663156,154.756619,155.271973,200417.544,2024-09-10
ECHO,2024-09-11T13:30:00.000000+0000,2024-09-11T20:00:00.000000+0000,2024-09-11T20:00:00.000000+0000,155.480965,156.81188,155.240416,156.569646,139303.789,2024-09-11
ECHO,2024-09-12T13:30:00.000000+0000,2024-09-12T20:00:00.000000+0000,2024-09-12T20:00:00.000000+0000,156.928737,157.252727,155.847148,156.169571,236594.604,2024-09-12
ECHO,2024-09-13T13:30:00.000000+0000,2024-09-13T20:00:00.000000+0000,2024-09-13T20:00:00.000000+0000,156.055536,156.675529,154.051792,154.666264,158971.661,2024-09-13
ECHO,2024-09-16T13:30:00.000000+0000,2024-09-16T20:00:00.000000+0000,2024-09-16T20:00:00.000000+0000,155.079548,155.934025,154.506266,155.359708,139602.937,2024-09-16
ECHO,2024-09-17T13:30:00.000000+0000,2024-09-17T20:00:00.000000+0000,2024-09-17T20:00:00.000000+0000,155.20901,155.3591,154.976585,155.126596,135334.981,2024-09-17
ECHO,2024-09-18T13:30:00.000000+0000,2024-09-18T20:00:00.000000+0000,2024-09-18T20:00:00.000000+0000,155.333555,155.613679,154.908232,155.188094,164038.256,2024-09-18
ECHO,2024-09-19T13:30:00.000000+0000,2024-09-19T20:00:00.000000+0000,2024-09-19T20:00:00.000000+0000,155.360737,155.382893,153.986761,154.008725,197405.428,2024-09-19
ECHO,2024-09-20T13:30:00.000000+0000,2024-09-20T20:00:00.000000+0000,2024-09-20T20:00:00.000000+0000,153.901198,154.290937,152.827524,153.215527,178636.256,2024-09-20
ECHO,2024-09-23T13:30:00.000000+0000,2024-09-23T20:00:00.000000+0000,2024-09-23T20:00:00.000000+0000,153.635582,155.298912,153.34442,155.005155,118356.245,2024-09-23
ECHO,2024-09-24T13:30:00.000000+0000,2024-09-24T20:00:00.000000+0000,2024-09-24T20:00:00.000000+0000,155.022865,155.63063,154.681705,155.288884,139366.282,2024-09-24
ECHO,2024-09-25T13:30:00.000000+0000,2024-09-25T20:00:00.000000+0000,2024-09-25T20:00:00.000000+0000,155.334692,156.330027,155.080101,156.074224,133064.188,2024-09-25
ECHO,2024-09-26T13:30:00.000000+0000,2024-09-26T20:00:00.000000+0000,2024-09-26T20:00:00.000000+0000,156.283827,156.508293,152.908745,153.12868,153130.093,2024-09-26
ECHO,2024-09-27T13:30:00.000000+0000,2024-09-27T20:00:00.000000+0000,2024-09-27T20:00:00.000000+0000,152.987011,153.481998,150.797856,151.287343,161758.955,2024-09-27
ECHO,2024-09-30T13:30:00.000000+0000,2024-09-30T20:00:00.000000+0000,2024-09-30T20:00:00.000000+0000,151.311276,151.547226,150.375234,150.61009,174456.381,2024-09-30
ECHO,2024-10-01T13:30:00.000000+0000,2024-10-01T20:00:00.000000+0000,2024-10-01T20:00:00.000000+0000,151.016531,153.002216,150.616661,152.598157,180417.708,2024-10-01
ECHO,2024-10-02T13:30:00.000000+0000,2024-10-02T20:00:00.000000+0000,2024-10-02T20:00:00.000000+0000,152.783176,152.877865,152.176572,152.270943,142711.755,2024-10-02
ECHO,2024-10-03T13:30:00.000000+0000,2024-10-03T20:00:00.000000+0000,2024-10-03T20:00:00.000000+0000,152.208516,152.40245,151.843715,152.037431,138734.796,2024-10-03
ECHO,2024-10-04T13:30:00.000000+0000,2024-10-04T20:00:00.000000+0000,2024-10-04T20:00:00.000000+0000,151.46815,151.865638,151.36917,151.766463,156611.135,2024-10-04
ECHO,2024-10-07T13:30:00.000000+0000,2024-10-07T20:00:00.000000+0000,2024-10-07T20:00:00.000000+0000,151.74539,153.812612,151.562242,153.627192,164693.061,2024-10-07
ECHO,2024-10-08T13:30:00.000000+0000,2024-10-08T20:00:00.000000+0000,2024-10-08T20:00:00.000000+0000,153.493895,153.968279,151.945553,152.416608,158856.433,2024-10-08
ECHO,2024-10-09T13:30:00.000000+0000,2024-10-09T20:00:00.000000+0000,2024-10-09T20:00:00.000000+0000,152.628872,152.965146,150.825112,151.158146,131885.493,2024-10-09
ECHO,2024-10-10T13:30:00.000000+0000,2024-10-10T20:00:00.000000+0000,2024-10-10T20:00:00.000000+0000,151.130739,151.246259,150.870886,150.986296,160136.503,2024-10-10
ECHO,2024-10-11T13:30:00.000000+0000,2024-10-11T20:00:00.000000+0000,2024-10-11T20:00:00.000000+0000,150.761287,151.120395,150.318638,150.677546,133072.164,2024-10-11
ECHO,2024-10-14T13:30:00.000000+0000,2024-10-14T20:00:00.000000+0000,2024-10-14T20:00:00.000000+0000,150.681976,151.298519,150.29436,150.910315,186491.201,2024-10-14
ECHO,2024-10-15T13:30:00.000000+0000,2024-10-15T20:00:00.000000+0000,2024-10-15T20:00:00.000000+0000,150.679673,151.521208,150.375639,151.216091,167313.077,2024-10-15
ECHO,2024-10-16T13:30:00.000000+0000,2024-10-16T20:00:00.000000+0000,2024-10-16T20:00:00.000000+0000,151.683992,152.178218,151.605318,152.099329,141964.828,2024-10-16
ECHO,2024-10-17T13:30:00.000000+0000,2024-10-17T20:00:00.000000+0000,2024-10-17T20:00:00.000000+0000,152.952443,155.028814,152.688309,154.761556,122559.38,2024-10-17
ECHO,2024-10-18T13:30:00.000000+0000,2024-10-18T20:00:00.000000+0000,2024-10-18T20:00:00.000000+0000,154.581244,156.413982,154.46239,156.293812,168744.009,2024-10-18
ECHO,2024-10-21T13:30:00.000000+0000,2024-10-21T20:00:00.000000+0000,2024-10-21T20:00:00.000000+0000,156.54694,157.223614,156.376564,157.052688,151659.236,2024-10-21
ECHO,2024-10-22T13:30:00.000000+0000,2024-10-22T20:00:00.000000+0000,2024-10-22T20:00:00.000000+0000,157.342813,158.094118,157.303511,158.054638,133487.66,2024-10-22
ECHO,2024-10-23T13:30:00.000000+0000,2024-10-23T20:00:00.000000+0000,2024-10-23T20:00:00.000000+0000,157.982529,160.001822,157.78542,159.802442,155736.377,2024-10-23
ECHO,2024-10-24T13:30:00.000000+0000,2024-10-24T20:00:00.000000+0000,2024-10-24T20:00:00.000000+0000,159.398542,161.759823,159.045583,161.402427,159152.006,2024-10-24
ECHO,2024-10-25T13:30:00.000000+0000,2024-10-25T20:00:00.000000+0000,2024-10-25T20:00:00.000000+0000,161.579709,163.260729,161.224169,162.902278,167879.797,2024-10-25
ECHO,2024-10-28T13:30:00.000000+0000,2024-10-28T20:00:00.000000+0000,2024-10-28T20:00:00.000000+0000,162.431065,162.835939,161.909312,162.313894,154874.446,2024-10-28
ECHO,2024-10-29T13:30:00.000000+0000,2024-10-29T20:00:00.000000+0000,2024-10-29T20:00:00.000000+0000,162.259812,163.741204,161.765201,163.243595,146105.562,2024-10-29
ECHO,2024-10-30T13:30:00.000000+0000,2024-10-30T20:00:00.000000+0000,2024-10-30T20:00:00.000000+0000,163.684739,164.530361,163.120931,163.965586,182210.459,2024-10-30
ECHO,2024-10-31T13:30:00.000000+0000,2024-10-31T20:00:00.000000+0000,2024-10-31T20:00:00.000000+0000,163.64401,165.639675,163.613524,165.608824,191343.446,2024-10-31
ECHO,2024-11-01T13:30:00.000000+0000,2024-11-01T20:00:00.000000+0000,2024-11-01T20:00:00.000000+0000,165.645716,165.888895,165.437864,165.680998,194081.674,2024-11-01
ECHO,2024-11-04T14:30:00.000000+0000,2024-11-04T21:00:00.000000+0000,2024-11-04T21:00:00.000000+0000,165.39551,167.224086,165.134873,166.960981,176087.015,2024-11-04
ECHO,2024-11-05T14:30:00.000000+0000,2024-11-05T21:00:00.000000+0000,2024-11-05T21:00:00.000000+0000,166.589125,166.904065,166.243129,166.55801,191639.365,2024-11-05
ECHO,2024-11-06T14:30:00.000000+0000,2024-11-06T21:00:00.000000+0000,2024-11-06T21:00:00.000000+0000,166.628334,169.852185,166.087221,169.302388,192921.829,2024-11-06
ECHO,2024-11-07T14:30:00.000000+0000,2024-11-07T21:00:00.000000+0000,2024-11-07T21:00:00.000000+0000,169.305008,170.215753,169.247996,170.158454,137879.329,2024-11-07
ECHO,2024-11-08T14:30:00.000000+0000,2024-11-08T21:00:00.000000+0000,2024-11-08T21:00:00.000000+0000,170.418229,172.794532,170.341584,172.716853,154971.439,2024-11-08
ECHO,2024-11-11T14:30:00.000000+0000,2024-11-11T21:00:00.000000+0000,2024-11-11T21:00:00.000000+0000,172.833776,176.16866,172.234117,175.559544,149305.086,2024-11-11
ECHO,2024-11-12T14:30:00.000000+0000,2024-11-12T21:00:00.000000+0000,2024-11-12T21:00:00.000000+0000,175.333603,175.675075,174.745892,175.086883,171551.183,2024-11-12
ECHO,2024-11-13T14:30:00.000000+0000,2024-11-13T21:00:00.000000+0000,2024-11-13T21:00:00.000000+0000,175.03287,175.566592,174.437878,174.971413,144369.09,2024-11-13
ECHO,2024-11-14T14:30:00.000000+0000,2024-11-14T21:00:00.000000+0000,2024-11-14T21:00:00.000000+0000,175.013462,175.441407,172.66861,173.091856,153271.338,2024-11-14
ECHO,2024-11-15T14:30:00.000000+0000,2024-11-15T21:00:00.000000+0000,2024-11-15T21:00:00.000000+0000,173.38255,174.663434,173.009958,174.288895,183198.741,2024-11-15
ECHO,2024-11-18T14:30:00.000000+0000,2024-11-18T21:00:00.000000+0000,2024-11-18T21:00:00.000000+0000,174.356555,177.54335,173.942213,177.122435,148025.707,2024-11-18
ECHO,2024-11-19T14:30:00.000000+0000,2024-11-19T21:00:00.000000+0000,2024-11-19T21:00:00.000000+0000,176.898987,178.651988,176.328595,178.077795,179033.204,2024-11-19
ECHO,2024-11-20T14:30:00.000000+0000,2024-11-20T21:00:00.000000+0000,2024-11-20T21:00:00.000000+0000,177.71346,178.101029,176.122995,176.507934,113997.705,2024-11-20
ECHO,2024-11-21T14:30:00.000000+0000,2024-11-21T21:00:00.000000+0000,2024-11-21T21:00:00.000000+0000,176.305324,176.827369,174.88176,175.401127,159728.082,2024-11-21
ECHO,2024-11-22T14:30:00.000000+0000,2024-11-22T21:00:00.000000+0000,2024-11-22T21:00:00.000000+0000,175.442491,175.670997,175.264175,175.492629,153454.895,2024-11-22
ECHO,2024-11-25T14:30:00.000000+0000,2024-11-25T21:00:00.000000+0000,2024-11-25T21:00:00.000000+0000,175.611358,176.044291,172.977262,173.404755,188029.352,2024-11-25
ECHO,2024-11-26T14:30:00.000000+0000,2024-11-26T21:00:00.000000+0000,2024-11-26T21:00:00.000000+0000,173.331836,173.649786,172.342945,172.659663,133276.658,2024-11-26
ECHO,2024-11-27T14:30:00.000000+0000,2024-11-27T21:00:00.000000+0000,2024-11-27T21:00:00.000000+0000,172.589037,173.410631,172.461593,173.282675,123354.732,2024-11-27
ECHO,2024-11-29T14:30:00.000000+0000,2024-11-29T18:00:00.000000+0000,2024-11-29T18:00:00.000000+0000,172.906589,174.597006,172.299915,173.986542,156281.761,2024-11-29
ECHO,2024-12-02T14:30:00.000000+0000,2024-12-02T21:00:00.000000+0000,2024-12-02T21:00:00.000000+0000,174.063054,176.062583,173.804308,175.801254,124419.892,2024-12-02
ECHO,2024-12-03T14:30:00.000000+0000,2024-12-03T21:00:00.000000+0000,2024-12-03T21:00:00.000000+0000,176.130394,176.160723,174.58837,174.618439,149758.773,2024-12-03
ECHO,2024-12-04T14:30:00.000000+0000,2024-12-04T21:00:00.000000+0000,2024-12-04T21:00:00.000000+0000,174.599366,176.422111,174.209924,176.029479,145951.486,2024-12-04
ECHO,2024-12-05T14:30:00.000000+0000,2024-12-05T21:00:00.000000+0000,2024-12-05T21:00:00.000000+0000,175.382408,175.592675,175.004177,175.214243,145464.348,2024-12-05
ECHO,2024-12-06T14:30:00.000000+0000,2024-12-06T21:00:00.000000+0000,2024-12-06T21:00:00.000000+0000,174.943329,176.813097,174.423737,176.289507,135667.129,2024-12-06
ECHO,2024-12-09T14:30:00.000000+0000,2024-12-09T21:00:00.000000+0000,2024-12-09T21:00:00.000000+0000,176.395626,178.947945,176.014912,178.562554,187975.753,2024-12-09
ECHO,2024-12-10T14:30:00.000000+0000,2024-12-10T21:00:00.000000+0000,2024-12-10T21:00:00.000000+0000,178.51501,179.013268,174.084398,174.57165,158604.186,2024-12-10
ECHO,2024-12-11T14:30:00.000000+0000,2024-12-11T21:00:00.000000+0000,2024-12-11T21:00:00.000000+0000,174.723315,174.810163,174.629558,174.716402,109563.36,2024-12-11
ECHO,2024-12-12T14:30:00.000000+0000,2024-12-12T21:00:00.000000+0000,2024-12-12T21:00:00.000000+0000,174.848329,176.20435,174.423241,175.777004,174787.346,2024-12-12
ECHO,2024-12-13T14:30:00.000000+0000,2024-12-13T21:00:00.000000+0000,2024-12-13T21:00:00.000000+0000,175.592462,176.972394,174.979693,176.356958,151906.173,2024-12-13
ECHO,2024-12-16T14:30:00.000000+0000,2024-12-16T21:00:00.000000+0000,2024-12-16T21:00:00.000000+0000,176.505407,180.42309,176.04744,179.956169,210620.039,2024-12-16
ECHO,2024-12-17T14:30:00.000000+0000,2024-12-17T21:00:00.000000+0000,2024-12-17T21:00:00.000000+0000,179.842066,181.362709,179.599854,181.118777,129998.5,2024-12-17
ECHO,2024-12-18T14:30:00.000000+0000,2024-12-18T21:00:00.000000+0000,2024-12-18T21:00:00.000000+0000,181.681103,183.536186,181.241178,183.092843,174199.969,2024-12-18
ECHO,2024-12-19T14:30:00.000000+0000,2024-12-19T21:00:00.000000+0000,2024-12-19T21:00:00.000000+0000,184.234135,184.662488,183.263839,183.690928,133873.659,2024-12-19
ECHO,2024-12-20T14:30:00.000000+0000,2024-12-20T21:00:00.000000+0000,2024-12-20T21:00:00.000000+0000,183.618957,183.810324,183.430707,183.622071,153371.711,2024-12-20
ECHO,2024-12-23T14:30:00.000000+0000,2024-12-23T21:00:00.000000+0000,2024-12-23T21:00:00.000000+0000,183.474223,183.733467,182.745778,183.004358,132059.469,2024-12-23
ECHO,2024-12-24T14:30:00.000000+0000,2024-12-24T18:00:00.000000+0000,2024-12-24T18:00:00.000000+0000,183.587228,184.009267,182.546341,182.966954,157342.336,2024-12-24
ECHO,2024-12-26T14:30:00.000000+0000,2024-12-26T21:00:00.000000+0000,2024-12-26T21:00:00.000000+0000,183.244199,183.987504,182.791391,183.533979,169626.393,2024-12-26
ECHO,2024-12-27T14:30:00.000000+0000,2024-12-27T21:00:00.000000+0000,2024-12-27T21:00:00.000000+0000,183.78542,184.177606,181.466364,181.85443,179967.799,2024-12-27
ECHO,2024-12-30T14:30:00.000000+0000,2024-12-30T21:00:00.000000+0000,2024-12-30T21:00:00.000000+0000,182.128343,182.522236,180.043954,180.434182,157462.219,2024-12-30
ECHO,2024-12-31T14:30:00.000000+0000,2024-12-31T21:00:00.000000+0000,2024-12-31T21:00:00.000000+0000,180.986455,181.261934,180.283073,180.557899,172593.956,2024-12-31
